fold,setting,best_epoch,val_balanced_accuracy,n_test_images,n_test_cases,balanced_accuracy,accuracy,sensitivity,specificity,precision,f1,mcc,auc,loss
1,imagenet,7,0.9944444444444445,209,11,0.9601010101010101,0.9617224880382775,0.990909090909091,0.9292929292929293,0.9396551724137931,0.9646017699115044,0.9245420177417215,0.99366391184573,0.1362833258780566
2,imagenet,24,1.0,189,9,0.9893939393939395,0.9894179894179894,0.9888888888888889,0.98989898989899,0.9888888888888889,0.9888888888888889,0.9787878787878788,0.9987654320987654,0.08426750486805326
3,imagenet,25,1.0,190,9,0.9450000000000001,0.9473684210526315,0.9,0.99,0.9878048780487805,0.9418604651162791,0.8972065953818819,0.9915555555555556,0.19359299148383893
4,imagenet,12,0.9817862165963431,209,11,0.9797979797979798,0.9808612440191388,1.0,0.9595959595959596,0.9649122807017544,0.9821428571428571,0.9622504486493763,0.9998163452708908,0.09706564987318937
5,imagenet,14,0.9810126582278481,195,10,0.9894736842105263,0.9897435897435898,1.0,0.9789473684210527,0.9803921568627451,0.9900990099009901,0.9796694963003718,0.9997894736842106,0.06672843986978898
1,lunghist,4,0.9944444444444445,209,11,0.9696969696969697,0.9712918660287081,1.0,0.9393939393939394,0.9482758620689655,0.9734513274336283,0.9438244527989034,0.9900826446280991,0.11946138976649805
2,lunghist,30,1.0,189,9,0.9838383838383838,0.9841269841269841,0.9777777777777777,0.98989898989899,0.9887640449438202,0.9832402234636871,0.9682202536885431,0.9956228956228956,0.09696856241614099
3,lunghist,9,1.0,190,9,0.9777777777777779,0.9789473684210527,0.9555555555555556,1.0,1.0,0.9772727272727273,0.958542340641987,0.9893888888888891,0.10861163649119829
4,lunghist,2,1.0,209,11,0.9898989898989898,0.9904306220095693,1.0,0.9797979797979798,0.9821428571428571,0.990990990990991,0.9809697178310792,0.9999081726354453,0.07114988312339099
5,lunghist,16,0.9833333333333334,195,10,0.9447368421052631,0.9435897435897436,0.9,0.9894736842105263,0.989010989010989,0.9424083769633508,0.891163807799008,0.9980526315789473,0.15933161767629478
