setting,metric,mean,std,n_folds
imagenet,balanced_accuracy,0.9727533227006913,0.019598697288457166,5
imagenet,accuracy,0.9738227464543254,0.018657926521325682,5
imagenet,sensitivity,0.9759595959595959,0.042767967820827237,5
imagenet,specificity,0.9695470494417862,0.025691968793285308,5
imagenet,precision,0.9723306753831924,0.020623614742776675,5
imagenet,f1,0.9735185981921038,0.020416175862669694,5
imagenet,mcc,0.9484912873722461,0.036342006792428994,5
imagenet,auc,0.9967181436910305,0.003847205453387426,5
lunghist,balanced_accuracy,0.9731897926634769,0.01757419686229036,5
lunghist,accuracy,0.9736773168352115,0.018224946253987823,5
lunghist,sensitivity,0.9666666666666668,0.04157397096415489,5
lunghist,specificity,0.979712918660287,0.023644352312804585,5
lunghist,precision,0.9816387506333264,0.019720494750033034,5
lunghist,f1,0.973472729224877,0.01858580011487132,5
lunghist,mcc,0.9485441145519042,0.034832849203052726,5
lunghist,auc,0.9946110466708553,0.004709173107528368,5
delta_B_minus_A,balanced_accuracy,0.0004364699627857238,0.028721909192363167,5
delta_B_minus_A,accuracy,-0.0001454296191138571,0.028889627940044328,5
delta_B_minus_A,sensitivity,-0.009292929292929308,0.056702575993274176,5
delta_B_minus_A,specificity,0.0101658692185008,0.007145468224073102,5
delta_B_minus_A,precision,0.009308075250133973,0.006344851915687971,5
delta_B_minus_A,f1,-4.586896722702516e-05,0.030483297981175824,5
delta_B_minus_A,mcc,5.2827179658088144e-05,0.05574319382406699,5
delta_B_minus_A,auc,-0.002107097020175197,0.0014336333502707377,5
