split,case_id,image_path,label,subtype
train,6,/home/guido/Development/ML/progetto-itoLUNGs/data/LungHist700/images/aca_bd/aca_bd_20x_12.jpg,1,aca
train,6,/home/guido/Development/ML/progetto-itoLUNGs/data/LungHist700/images/aca_bd/aca_bd_20x_13.jpg,1,aca
train,6,/home/guido/Development/ML/progetto-itoLUNGs/data/LungHist700/images/aca_bd/aca_bd_20x_14.jpg,1,aca
train,6,/home/guido/Development/ML/progetto-itoLUNGs/data/LungHist700/images/aca_bd/aca_bd_20x_15.jpg,1,aca
train,6,/home/guido/Development/ML/progetto-itoLUNGs/data/LungHist700/images/aca_bd/aca_bd_20x_16.jpg,1,aca
train,6,/home/guido/Development/ML/progetto-itoLUNGs/data/LungHist700/images/aca_bd/aca_bd_20x_17.jpg,1,aca
train,6,/home/guido/Development/ML/progetto-itoLUNGs/data/LungHist700/images/aca_bd/aca_bd_20x_18.jpg,1,aca
train,6,/home/guido/Development/ML/progetto-itoLUNGs/data/LungHist700/images/aca_bd/aca_bd_20x_19.jpg,1,aca
train,6,/home/guido/Development/ML/progetto-itoLUNGs/data/LungHist700/images/aca_bd/aca_bd_20x_20.jpg,1,aca
train,7,/home/guido/Development/ML/progetto-itoLUNGs/data/LungHist700/images/aca_bd/aca_bd_20x_21.jpg,1,aca
train,7,/home/guido/Development/ML/progetto-itoLUNGs/data/LungHist700/images/aca_bd/aca_bd_20x_22.jpg,1,aca
train,7,/home/guido/Development/ML/progetto-itoLUNGs/data/LungHist700/images/aca_bd/aca_bd_20x_23.jpg,1,aca
train,7,/home/guido/Development/ML/progetto-itoLUNGs/data/LungHist700/images/aca_bd/aca_bd_20x_24.jpg,1,aca
train,7,/home/guido/Development/ML/progetto-itoLUNGs/data/LungHist700/images/aca_bd/aca_bd_20x_25.jpg,1,aca
train,7,/home/guido/Development/ML/progetto-itoLUNGs/data/LungHist700/images/aca_bd/aca_bd_20x_26.jpg,1,aca
train,7,/home/guido/Development/ML/progetto-itoLUNGs/data/LungHist700/images/aca_bd/aca_bd_20x_27.jpg,1,aca
train,7,/home/guido/Development/ML/progetto-itoLUNGs/data/LungHist700/images/aca_bd/aca_bd_20x_28.jpg,1,aca
train,7,/home/guido/Development/ML/progetto-itoLUNGs/data/LungHist700/images/aca_bd/aca_bd_20x_29.jpg,1,aca
train,7,/home/guido/Development/ML/progetto-itoLUNGs/data/LungHist700/images/aca_bd/aca_bd_20x_30.jpg,1,aca
train,12,/home/guido/Development/ML/progetto-itoLUNGs/data/LungHist700/images/aca_bd/aca_bd_20x_301.jpg,1,aca
train,12,/home/guido/Development/ML/progetto-itoLUNGs/data/LungHist700/images/aca_bd/aca_bd_20x_302.jpg,1,aca
train,12,/home/guido/Development/ML/progetto-itoLUNGs/data/LungHist700/images/aca_bd/aca_bd_20x_303.jpg,1,aca
train,12,/home/guido/Development/ML/progetto-itoLUNGs/data/LungHist700/images/aca_bd/aca_bd_20x_304.jpg,1,aca
train,12,/home/guido/Development/ML/progetto-itoLUNGs/data/LungHist700/images/aca_bd/aca_bd_20x_305.jpg,1,aca
train,7,/home/guido/Development/ML/progetto-itoLUNGs/data/LungHist700/images/aca_bd/aca_bd_20x_31.jpg,1,aca
train,7,/home/guido/Development/ML/progetto-itoLUNGs/data/LungHist700/images/aca_bd/aca_bd_20x_32.jpg,1,aca
train,7,/home/guido/Development/ML/progetto-itoLUNGs/data/LungHist700/images/aca_bd/aca_bd_20x_33.jpg,1,aca
train,7,/home/guido/Development/ML/progetto-itoLUNGs/data/LungHist700/images/aca_bd/aca_bd_20x_34.jpg,1,aca
train,7,/home/guido/Development/ML/progetto-itoLUNGs/data/LungHist700/images/aca_bd/aca_bd_20x_35.jpg,1,aca
train,7,/home/guido/Development/ML/progetto-itoLUNGs/data/LungHist700/images/aca_bd/aca_bd_20x_37.jpg,1,aca
train,7,/home/guido/Development/ML/progetto-itoLUNGs/data/LungHist700/images/aca_bd/aca_bd_20x_38.jpg,1,aca
train,7,/home/guido/Development/ML/progetto-itoLUNGs/data/LungHist700/images/aca_bd/aca_bd_20x_39.jpg,1,aca
train,7,/home/guido/Development/ML/progetto-itoLUNGs/data/LungHist700/images/aca_bd/aca_bd_20x_40.jpg,1,aca
train,13,/home/guido/Development/ML/progetto-itoLUNGs/data/LungHist700/images/aca_bd/aca_bd_20x_401.jpg,1,aca
train,13,/home/guido/Development/ML/progetto-itoLUNGs/data/LungHist700/images/aca_bd/aca_bd_20x_402.jpg,1,aca
train,13,/home/guido/Development/ML/progetto-itoLUNGs/data/LungHist700/images/aca_bd/aca_bd_20x_403.jpg,1,aca
train,13,/home/guido/Development/ML/progetto-itoLUNGs/data/LungHist700/images/aca_bd/aca_bd_20x_404.jpg,1,aca
train,13,/home/guido/Development/ML/progetto-itoLUNGs/data/LungHist700/images/aca_bd/aca_bd_20x_405.jpg,1,aca
train,8,/home/guido/Development/ML/progetto-itoLUNGs/data/LungHist700/images/aca_bd/aca_bd_20x_42.jpg,1,aca
train,9,/home/guido/Development/ML/progetto-itoLUNGs/data/LungHist700/images/aca_bd/aca_bd_20x_60.jpg,1,aca
train,9,/home/guido/Development/ML/progetto-itoLUNGs/data/LungHist700/images/aca_bd/aca_bd_20x_61.jpg,1,aca
train,9,/home/guido/Development/ML/progetto-itoLUNGs/data/LungHist700/images/aca_bd/aca_bd_20x_62.jpg,1,aca
train,1,/home/guido/Development/ML/progetto-itoLUNGs/data/LungHist700/images/aca_bd/aca_bd_20x_901.jpg,1,aca
train,1,/home/guido/Development/ML/progetto-itoLUNGs/data/LungHist700/images/aca_bd/aca_bd_20x_903.jpg,1,aca
train,1,/home/guido/Development/ML/progetto-itoLUNGs/data/LungHist700/images/aca_bd/aca_bd_20x_904.jpg,1,aca
train,1,/home/guido/Development/ML/progetto-itoLUNGs/data/LungHist700/images/aca_bd/aca_bd_20x_905.jpg,1,aca
train,6,/home/guido/Development/ML/progetto-itoLUNGs/data/LungHist700/images/aca_bd/aca_bd_40x_11.jpg,1,aca
train,6,/home/guido/Development/ML/progetto-itoLUNGs/data/LungHist700/images/aca_bd/aca_bd_40x_12.jpg,1,aca
train,6,/home/guido/Development/ML/progetto-itoLUNGs/data/LungHist700/images/aca_bd/aca_bd_40x_13.jpg,1,aca
train,6,/home/guido/Development/ML/progetto-itoLUNGs/data/LungHist700/images/aca_bd/aca_bd_40x_14.jpg,1,aca
train,6,/home/guido/Development/ML/progetto-itoLUNGs/data/LungHist700/images/aca_bd/aca_bd_40x_16.jpg,1,aca
train,6,/home/guido/Development/ML/progetto-itoLUNGs/data/LungHist700/images/aca_bd/aca_bd_40x_17.jpg,1,aca
train,6,/home/guido/Development/ML/progetto-itoLUNGs/data/LungHist700/images/aca_bd/aca_bd_40x_18.jpg,1,aca
train,6,/home/guido/Development/ML/progetto-itoLUNGs/data/LungHist700/images/aca_bd/aca_bd_40x_20.jpg,1,aca
train,12,/home/guido/Development/ML/progetto-itoLUNGs/data/LungHist700/images/aca_bd/aca_bd_40x_301.jpg,1,aca
train,12,/home/guido/Development/ML/progetto-itoLUNGs/data/LungHist700/images/aca_bd/aca_bd_40x_302.jpg,1,aca
train,12,/home/guido/Development/ML/progetto-itoLUNGs/data/LungHist700/images/aca_bd/aca_bd_40x_303.jpg,1,aca
train,12,/home/guido/Development/ML/progetto-itoLUNGs/data/LungHist700/images/aca_bd/aca_bd_40x_304.jpg,1,aca
train,12,/home/guido/Development/ML/progetto-itoLUNGs/data/LungHist700/images/aca_bd/aca_bd_40x_305.jpg,1,aca
train,13,/home/guido/Development/ML/progetto-itoLUNGs/data/LungHist700/images/aca_bd/aca_bd_40x_401.jpg,1,aca
train,13,/home/guido/Development/ML/progetto-itoLUNGs/data/LungHist700/images/aca_bd/aca_bd_40x_402.jpg,1,aca
train,13,/home/guido/Development/ML/progetto-itoLUNGs/data/LungHist700/images/aca_bd/aca_bd_40x_403.jpg,1,aca
train,13,/home/guido/Development/ML/progetto-itoLUNGs/data/LungHist700/images/aca_bd/aca_bd_40x_404.jpg,1,aca
train,13,/home/guido/Development/ML/progetto-itoLUNGs/data/LungHist700/images/aca_bd/aca_bd_40x_405.jpg,1,aca
train,9,/home/guido/Development/ML/progetto-itoLUNGs/data/LungHist700/images/aca_bd/aca_bd_40x_64.jpg,1,aca
train,9,/home/guido/Development/ML/progetto-itoLUNGs/data/LungHist700/images/aca_bd/aca_bd_40x_65.jpg,1,aca
train,9,/home/guido/Development/ML/progetto-itoLUNGs/data/LungHist700/images/aca_bd/aca_bd_40x_66.jpg,1,aca
train,9,/home/guido/Development/ML/progetto-itoLUNGs/data/LungHist700/images/aca_bd/aca_bd_40x_67.jpg,1,aca
train,9,/home/guido/Development/ML/progetto-itoLUNGs/data/LungHist700/images/aca_bd/aca_bd_40x_68.jpg,1,aca
train,9,/home/guido/Development/ML/progetto-itoLUNGs/data/LungHist700/images/aca_bd/aca_bd_40x_69.jpg,1,aca
train,9,/home/guido/Development/ML/progetto-itoLUNGs/data/LungHist700/images/aca_bd/aca_bd_40x_70.jpg,1,aca
train,9,/home/guido/Development/ML/progetto-itoLUNGs/data/LungHist700/images/aca_bd/aca_bd_40x_71.jpg,1,aca
train,9,/home/guido/Development/ML/progetto-itoLUNGs/data/LungHist700/images/aca_bd/aca_bd_40x_72.jpg,1,aca
train,9,/home/guido/Development/ML/progetto-itoLUNGs/data/LungHist700/images/aca_bd/aca_bd_40x_73.jpg,1,aca
train,1,/home/guido/Development/ML/progetto-itoLUNGs/data/LungHist700/images/aca_bd/aca_bd_40x_901.jpg,1,aca
train,1,/home/guido/Development/ML/progetto-itoLUNGs/data/LungHist700/images/aca_bd/aca_bd_40x_902.jpg,1,aca
train,1,/home/guido/Development/ML/progetto-itoLUNGs/data/LungHist700/images/aca_bd/aca_bd_40x_903.jpg,1,aca
train,1,/home/guido/Development/ML/progetto-itoLUNGs/data/LungHist700/images/aca_bd/aca_bd_40x_904.jpg,1,aca
train,1,/home/guido/Development/ML/progetto-itoLUNGs/data/LungHist700/images/aca_bd/aca_bd_40x_905.jpg,1,aca
train,img_aca_md_20x_6-checkpoint,/home/guido/Development/ML/progetto-itoLUNGs/data/LungHist700/images/aca_md/.ipynb_checkpoints/aca_md_20x_6-checkpoint.jpg,1,aca
train,14,/home/guido/Development/ML/progetto-itoLUNGs/data/LungHist700/images/aca_md/aca_md_20x_0.jpg,1,aca
train,14,/home/guido/Development/ML/progetto-itoLUNGs/data/LungHist700/images/aca_md/aca_md_20x_1.jpg,1,aca
train,14,/home/guido/Development/ML/progetto-itoLUNGs/data/LungHist700/images/aca_md/aca_md_20x_10.jpg,1,aca
train,15,/home/guido/Development/ML/progetto-itoLUNGs/data/LungHist700/images/aca_md/aca_md_20x_124.jpg,1,aca
train,14,/home/guido/Development/ML/progetto-itoLUNGs/data/LungHist700/images/aca_md/aca_md_20x_2.jpg,1,aca
train,14,/home/guido/Development/ML/progetto-itoLUNGs/data/LungHist700/images/aca_md/aca_md_20x_20.jpg,1,aca
train,14,/home/guido/Development/ML/progetto-itoLUNGs/data/LungHist700/images/aca_md/aca_md_20x_3.jpg,1,aca
train,12,/home/guido/Development/ML/progetto-itoLUNGs/data/LungHist700/images/aca_md/aca_md_20x_301.jpg,1,aca
train,12,/home/guido/Development/ML/progetto-itoLUNGs/data/LungHist700/images/aca_md/aca_md_20x_302.jpg,1,aca
train,12,/home/guido/Development/ML/progetto-itoLUNGs/data/LungHist700/images/aca_md/aca_md_20x_303.jpg,1,aca
train,12,/home/guido/Development/ML/progetto-itoLUNGs/data/LungHist700/images/aca_md/aca_md_20x_304.jpg,1,aca
train,12,/home/guido/Development/ML/progetto-itoLUNGs/data/LungHist700/images/aca_md/aca_md_20x_305.jpg,1,aca
train,12,/home/guido/Development/ML/progetto-itoLUNGs/data/LungHist700/images/aca_md/aca_md_20x_306.jpg,1,aca
train,14,/home/guido/Development/ML/progetto-itoLUNGs/data/LungHist700/images/aca_md/aca_md_20x_4.jpg,1,aca
train,13,/home/guido/Development/ML/progetto-itoLUNGs/data/LungHist700/images/aca_md/aca_md_20x_401.jpg,1,aca
train,13,/home/guido/Development/ML/progetto-itoLUNGs/data/LungHist700/images/aca_md/aca_md_20x_402.jpg,1,aca
train,13,/home/guido/Development/ML/progetto-itoLUNGs/data/LungHist700/images/aca_md/aca_md_20x_403.jpg,1,aca
train,13,/home/guido/Development/ML/progetto-itoLUNGs/data/LungHist700/images/aca_md/aca_md_20x_404.jpg,1,aca
train,13,/home/guido/Development/ML/progetto-itoLUNGs/data/LungHist700/images/aca_md/aca_md_20x_405.jpg,1,aca
train,8,/home/guido/Development/ML/progetto-itoLUNGs/data/LungHist700/images/aca_md/aca_md_20x_41.jpg,1,aca
train,14,/home/guido/Development/ML/progetto-itoLUNGs/data/LungHist700/images/aca_md/aca_md_20x_5.jpg,1,aca
train,14,/home/guido/Development/ML/progetto-itoLUNGs/data/LungHist700/images/aca_md/aca_md_20x_6.jpg,1,aca
train,14,/home/guido/Development/ML/progetto-itoLUNGs/data/LungHist700/images/aca_md/aca_md_20x_7.jpg,1,aca
train,16,/home/guido/Development/ML/progetto-itoLUNGs/data/LungHist700/images/aca_md/aca_md_20x_70.jpg,1,aca
train,16,/home/guido/Development/ML/progetto-itoLUNGs/data/LungHist700/images/aca_md/aca_md_20x_71.jpg,1,aca
train,16,/home/guido/Development/ML/progetto-itoLUNGs/data/LungHist700/images/aca_md/aca_md_20x_72.jpg,1,aca
train,16,/home/guido/Development/ML/progetto-itoLUNGs/data/LungHist700/images/aca_md/aca_md_20x_73.jpg,1,aca
train,16,/home/guido/Development/ML/progetto-itoLUNGs/data/LungHist700/images/aca_md/aca_md_20x_74.jpg,1,aca
train,16,/home/guido/Development/ML/progetto-itoLUNGs/data/LungHist700/images/aca_md/aca_md_20x_75.jpg,1,aca
train,16,/home/guido/Development/ML/progetto-itoLUNGs/data/LungHist700/images/aca_md/aca_md_20x_76.jpg,1,aca
train,16,/home/guido/Development/ML/progetto-itoLUNGs/data/LungHist700/images/aca_md/aca_md_20x_77.jpg,1,aca
train,16,/home/guido/Development/ML/progetto-itoLUNGs/data/LungHist700/images/aca_md/aca_md_20x_78.jpg,1,aca
train,16,/home/guido/Development/ML/progetto-itoLUNGs/data/LungHist700/images/aca_md/aca_md_20x_79.jpg,1,aca
train,14,/home/guido/Development/ML/progetto-itoLUNGs/data/LungHist700/images/aca_md/aca_md_20x_8.jpg,1,aca
train,16,/home/guido/Development/ML/progetto-itoLUNGs/data/LungHist700/images/aca_md/aca_md_20x_80.jpg,1,aca
train,16,/home/guido/Development/ML/progetto-itoLUNGs/data/LungHist700/images/aca_md/aca_md_20x_81.jpg,1,aca
train,16,/home/guido/Development/ML/progetto-itoLUNGs/data/LungHist700/images/aca_md/aca_md_20x_82.jpg,1,aca
train,16,/home/guido/Development/ML/progetto-itoLUNGs/data/LungHist700/images/aca_md/aca_md_20x_83.jpg,1,aca
train,16,/home/guido/Development/ML/progetto-itoLUNGs/data/LungHist700/images/aca_md/aca_md_20x_9.jpg,1,aca
train,16,/home/guido/Development/ML/progetto-itoLUNGs/data/LungHist700/images/aca_md/aca_md_40x_100.jpg,1,aca
train,16,/home/guido/Development/ML/progetto-itoLUNGs/data/LungHist700/images/aca_md/aca_md_40x_101.jpg,1,aca
train,16,/home/guido/Development/ML/progetto-itoLUNGs/data/LungHist700/images/aca_md/aca_md_40x_102.jpg,1,aca
train,16,/home/guido/Development/ML/progetto-itoLUNGs/data/LungHist700/images/aca_md/aca_md_40x_103.jpg,1,aca
train,16,/home/guido/Development/ML/progetto-itoLUNGs/data/LungHist700/images/aca_md/aca_md_40x_104.jpg,1,aca
train,15,/home/guido/Development/ML/progetto-itoLUNGs/data/LungHist700/images/aca_md/aca_md_40x_120.jpg,1,aca
train,15,/home/guido/Development/ML/progetto-itoLUNGs/data/LungHist700/images/aca_md/aca_md_40x_121.jpg,1,aca
train,15,/home/guido/Development/ML/progetto-itoLUNGs/data/LungHist700/images/aca_md/aca_md_40x_122.jpg,1,aca
train,15,/home/guido/Development/ML/progetto-itoLUNGs/data/LungHist700/images/aca_md/aca_md_40x_123.jpg,1,aca
train,15,/home/guido/Development/ML/progetto-itoLUNGs/data/LungHist700/images/aca_md/aca_md_40x_125.jpg,1,aca
train,15,/home/guido/Development/ML/progetto-itoLUNGs/data/LungHist700/images/aca_md/aca_md_40x_126.jpg,1,aca
train,12,/home/guido/Development/ML/progetto-itoLUNGs/data/LungHist700/images/aca_md/aca_md_40x_302.jpg,1,aca
train,12,/home/guido/Development/ML/progetto-itoLUNGs/data/LungHist700/images/aca_md/aca_md_40x_303.jpg,1,aca
train,12,/home/guido/Development/ML/progetto-itoLUNGs/data/LungHist700/images/aca_md/aca_md_40x_304.jpg,1,aca
train,12,/home/guido/Development/ML/progetto-itoLUNGs/data/LungHist700/images/aca_md/aca_md_40x_305.jpg,1,aca
train,12,/home/guido/Development/ML/progetto-itoLUNGs/data/LungHist700/images/aca_md/aca_md_40x_306.jpg,1,aca
train,13,/home/guido/Development/ML/progetto-itoLUNGs/data/LungHist700/images/aca_md/aca_md_40x_401.jpg,1,aca
train,13,/home/guido/Development/ML/progetto-itoLUNGs/data/LungHist700/images/aca_md/aca_md_40x_402.jpg,1,aca
train,13,/home/guido/Development/ML/progetto-itoLUNGs/data/LungHist700/images/aca_md/aca_md_40x_403.jpg,1,aca
train,13,/home/guido/Development/ML/progetto-itoLUNGs/data/LungHist700/images/aca_md/aca_md_40x_404.jpg,1,aca
train,13,/home/guido/Development/ML/progetto-itoLUNGs/data/LungHist700/images/aca_md/aca_md_40x_405.jpg,1,aca
train,16,/home/guido/Development/ML/progetto-itoLUNGs/data/LungHist700/images/aca_md/aca_md_40x_84.jpg,1,aca
train,16,/home/guido/Development/ML/progetto-itoLUNGs/data/LungHist700/images/aca_md/aca_md_40x_85.jpg,1,aca
train,16,/home/guido/Development/ML/progetto-itoLUNGs/data/LungHist700/images/aca_md/aca_md_40x_86.jpg,1,aca
train,16,/home/guido/Development/ML/progetto-itoLUNGs/data/LungHist700/images/aca_md/aca_md_40x_87.jpg,1,aca
train,16,/home/guido/Development/ML/progetto-itoLUNGs/data/LungHist700/images/aca_md/aca_md_40x_88.jpg,1,aca
train,16,/home/guido/Development/ML/progetto-itoLUNGs/data/LungHist700/images/aca_md/aca_md_40x_89.jpg,1,aca
train,16,/home/guido/Development/ML/progetto-itoLUNGs/data/LungHist700/images/aca_md/aca_md_40x_90.jpg,1,aca
train,16,/home/guido/Development/ML/progetto-itoLUNGs/data/LungHist700/images/aca_md/aca_md_40x_91.jpg,1,aca
train,16,/home/guido/Development/ML/progetto-itoLUNGs/data/LungHist700/images/aca_md/aca_md_40x_92.jpg,1,aca
train,16,/home/guido/Development/ML/progetto-itoLUNGs/data/LungHist700/images/aca_md/aca_md_40x_93.jpg,1,aca
train,16,/home/guido/Development/ML/progetto-itoLUNGs/data/LungHist700/images/aca_md/aca_md_40x_94.jpg,1,aca
train,16,/home/guido/Development/ML/progetto-itoLUNGs/data/LungHist700/images/aca_md/aca_md_40x_95.jpg,1,aca
train,16,/home/guido/Development/ML/progetto-itoLUNGs/data/LungHist700/images/aca_md/aca_md_40x_96.jpg,1,aca
train,16,/home/guido/Development/ML/progetto-itoLUNGs/data/LungHist700/images/aca_md/aca_md_40x_97.jpg,1,aca
train,16,/home/guido/Development/ML/progetto-itoLUNGs/data/LungHist700/images/aca_md/aca_md_40x_98.jpg,1,aca
train,14,/home/guido/Development/ML/progetto-itoLUNGs/data/LungHist700/images/aca_pd/aca_pd_20x_1.jpg,1,aca
train,14,/home/guido/Development/ML/progetto-itoLUNGs/data/LungHist700/images/aca_pd/aca_pd_20x_10.jpg,1,aca
train,6,/home/guido/Development/ML/progetto-itoLUNGs/data/LungHist700/images/aca_pd/aca_pd_20x_11.jpg,1,aca
train,6,/home/guido/Development/ML/progetto-itoLUNGs/data/LungHist700/images/aca_pd/aca_pd_20x_12.jpg,1,aca
train,6,/home/guido/Development/ML/progetto-itoLUNGs/data/LungHist700/images/aca_pd/aca_pd_20x_13.jpg,1,aca
train,6,/home/guido/Development/ML/progetto-itoLUNGs/data/LungHist700/images/aca_pd/aca_pd_20x_14.jpg,1,aca
train,6,/home/guido/Development/ML/progetto-itoLUNGs/data/LungHist700/images/aca_pd/aca_pd_20x_15.jpg,1,aca
train,6,/home/guido/Development/ML/progetto-itoLUNGs/data/LungHist700/images/aca_pd/aca_pd_20x_16.jpg,1,aca
train,14,/home/guido/Development/ML/progetto-itoLUNGs/data/LungHist700/images/aca_pd/aca_pd_20x_2.jpg,1,aca
train,14,/home/guido/Development/ML/progetto-itoLUNGs/data/LungHist700/images/aca_pd/aca_pd_20x_20.jpg,1,aca
train,14,/home/guido/Development/ML/progetto-itoLUNGs/data/LungHist700/images/aca_pd/aca_pd_20x_3.jpg,1,aca
train,8,/home/guido/Development/ML/progetto-itoLUNGs/data/LungHist700/images/aca_pd/aca_pd_20x_30.jpg,1,aca
train,20,/home/guido/Development/ML/progetto-itoLUNGs/data/LungHist700/images/aca_pd/aca_pd_20x_301.jpg,1,aca
train,20,/home/guido/Development/ML/progetto-itoLUNGs/data/LungHist700/images/aca_pd/aca_pd_20x_302.jpg,1,aca
train,20,/home/guido/Development/ML/progetto-itoLUNGs/data/LungHist700/images/aca_pd/aca_pd_20x_303.jpg,1,aca
train,20,/home/guido/Development/ML/progetto-itoLUNGs/data/LungHist700/images/aca_pd/aca_pd_20x_304.jpg,1,aca
train,20,/home/guido/Development/ML/progetto-itoLUNGs/data/LungHist700/images/aca_pd/aca_pd_20x_305.jpg,1,aca
train,8,/home/guido/Development/ML/progetto-itoLUNGs/data/LungHist700/images/aca_pd/aca_pd_20x_31.jpg,1,aca
train,8,/home/guido/Development/ML/progetto-itoLUNGs/data/LungHist700/images/aca_pd/aca_pd_20x_32.jpg,1,aca
train,8,/home/guido/Development/ML/progetto-itoLUNGs/data/LungHist700/images/aca_pd/aca_pd_20x_33.jpg,1,aca
train,8,/home/guido/Development/ML/progetto-itoLUNGs/data/LungHist700/images/aca_pd/aca_pd_20x_34.jpg,1,aca
train,8,/home/guido/Development/ML/progetto-itoLUNGs/data/LungHist700/images/aca_pd/aca_pd_20x_35.jpg,1,aca
train,8,/home/guido/Development/ML/progetto-itoLUNGs/data/LungHist700/images/aca_pd/aca_pd_20x_36.jpg,1,aca
train,8,/home/guido/Development/ML/progetto-itoLUNGs/data/LungHist700/images/aca_pd/aca_pd_20x_37.jpg,1,aca
train,8,/home/guido/Development/ML/progetto-itoLUNGs/data/LungHist700/images/aca_pd/aca_pd_20x_38.jpg,1,aca
train,8,/home/guido/Development/ML/progetto-itoLUNGs/data/LungHist700/images/aca_pd/aca_pd_20x_39.jpg,1,aca
train,13,/home/guido/Development/ML/progetto-itoLUNGs/data/LungHist700/images/aca_pd/aca_pd_20x_401.jpg,1,aca
train,13,/home/guido/Development/ML/progetto-itoLUNGs/data/LungHist700/images/aca_pd/aca_pd_20x_402.jpg,1,aca
train,13,/home/guido/Development/ML/progetto-itoLUNGs/data/LungHist700/images/aca_pd/aca_pd_20x_403.jpg,1,aca
train,13,/home/guido/Development/ML/progetto-itoLUNGs/data/LungHist700/images/aca_pd/aca_pd_20x_404.jpg,1,aca
train,13,/home/guido/Development/ML/progetto-itoLUNGs/data/LungHist700/images/aca_pd/aca_pd_20x_405.jpg,1,aca
train,14,/home/guido/Development/ML/progetto-itoLUNGs/data/LungHist700/images/aca_pd/aca_pd_20x_5.jpg,1,aca
train,18,/home/guido/Development/ML/progetto-itoLUNGs/data/LungHist700/images/aca_pd/aca_pd_20x_50.jpg,1,aca
train,18,/home/guido/Development/ML/progetto-itoLUNGs/data/LungHist700/images/aca_pd/aca_pd_20x_52.jpg,1,aca
train,18,/home/guido/Development/ML/progetto-itoLUNGs/data/LungHist700/images/aca_pd/aca_pd_20x_53.jpg,1,aca
train,18,/home/guido/Development/ML/progetto-itoLUNGs/data/LungHist700/images/aca_pd/aca_pd_20x_54.jpg,1,aca
train,14,/home/guido/Development/ML/progetto-itoLUNGs/data/LungHist700/images/aca_pd/aca_pd_20x_6.jpg,1,aca
train,14,/home/guido/Development/ML/progetto-itoLUNGs/data/LungHist700/images/aca_pd/aca_pd_20x_7.jpg,1,aca
train,14,/home/guido/Development/ML/progetto-itoLUNGs/data/LungHist700/images/aca_pd/aca_pd_20x_8.jpg,1,aca
train,14,/home/guido/Development/ML/progetto-itoLUNGs/data/LungHist700/images/aca_pd/aca_pd_20x_9.jpg,1,aca
train,4,/home/guido/Development/ML/progetto-itoLUNGs/data/LungHist700/images/aca_pd/aca_pd_20x_901.jpg,1,aca
train,4,/home/guido/Development/ML/progetto-itoLUNGs/data/LungHist700/images/aca_pd/aca_pd_20x_902.jpg,1,aca
train,4,/home/guido/Development/ML/progetto-itoLUNGs/data/LungHist700/images/aca_pd/aca_pd_20x_903.jpg,1,aca
train,4,/home/guido/Development/ML/progetto-itoLUNGs/data/LungHist700/images/aca_pd/aca_pd_20x_904.jpg,1,aca
train,4,/home/guido/Development/ML/progetto-itoLUNGs/data/LungHist700/images/aca_pd/aca_pd_20x_905.jpg,1,aca
train,8,/home/guido/Development/ML/progetto-itoLUNGs/data/LungHist700/images/aca_pd/aca_pd_40x_20.jpg,1,aca
train,8,/home/guido/Development/ML/progetto-itoLUNGs/data/LungHist700/images/aca_pd/aca_pd_40x_21.jpg,1,aca
train,8,/home/guido/Development/ML/progetto-itoLUNGs/data/LungHist700/images/aca_pd/aca_pd_40x_22.jpg,1,aca
train,8,/home/guido/Development/ML/progetto-itoLUNGs/data/LungHist700/images/aca_pd/aca_pd_40x_23.jpg,1,aca
train,8,/home/guido/Development/ML/progetto-itoLUNGs/data/LungHist700/images/aca_pd/aca_pd_40x_24.jpg,1,aca
train,8,/home/guido/Development/ML/progetto-itoLUNGs/data/LungHist700/images/aca_pd/aca_pd_40x_25.jpg,1,aca
train,8,/home/guido/Development/ML/progetto-itoLUNGs/data/LungHist700/images/aca_pd/aca_pd_40x_26.jpg,1,aca
train,20,/home/guido/Development/ML/progetto-itoLUNGs/data/LungHist700/images/aca_pd/aca_pd_40x_301.jpg,1,aca
train,20,/home/guido/Development/ML/progetto-itoLUNGs/data/LungHist700/images/aca_pd/aca_pd_40x_302.jpg,1,aca
train,20,/home/guido/Development/ML/progetto-itoLUNGs/data/LungHist700/images/aca_pd/aca_pd_40x_303.jpg,1,aca
train,20,/home/guido/Development/ML/progetto-itoLUNGs/data/LungHist700/images/aca_pd/aca_pd_40x_304.jpg,1,aca
train,21,/home/guido/Development/ML/progetto-itoLUNGs/data/LungHist700/images/aca_pd/aca_pd_40x_305.jpg,1,aca
train,21,/home/guido/Development/ML/progetto-itoLUNGs/data/LungHist700/images/aca_pd/aca_pd_40x_306.jpg,1,aca
train,8,/home/guido/Development/ML/progetto-itoLUNGs/data/LungHist700/images/aca_pd/aca_pd_40x_31.jpg,1,aca
train,8,/home/guido/Development/ML/progetto-itoLUNGs/data/LungHist700/images/aca_pd/aca_pd_40x_32.jpg,1,aca
train,8,/home/guido/Development/ML/progetto-itoLUNGs/data/LungHist700/images/aca_pd/aca_pd_40x_33.jpg,1,aca
train,8,/home/guido/Development/ML/progetto-itoLUNGs/data/LungHist700/images/aca_pd/aca_pd_40x_34.jpg,1,aca
train,8,/home/guido/Development/ML/progetto-itoLUNGs/data/LungHist700/images/aca_pd/aca_pd_40x_35.jpg,1,aca
train,8,/home/guido/Development/ML/progetto-itoLUNGs/data/LungHist700/images/aca_pd/aca_pd_40x_36.jpg,1,aca
train,8,/home/guido/Development/ML/progetto-itoLUNGs/data/LungHist700/images/aca_pd/aca_pd_40x_37.jpg,1,aca
train,13,/home/guido/Development/ML/progetto-itoLUNGs/data/LungHist700/images/aca_pd/aca_pd_40x_401.jpg,1,aca
train,13,/home/guido/Development/ML/progetto-itoLUNGs/data/LungHist700/images/aca_pd/aca_pd_40x_402.jpg,1,aca
train,13,/home/guido/Development/ML/progetto-itoLUNGs/data/LungHist700/images/aca_pd/aca_pd_40x_403.jpg,1,aca
train,13,/home/guido/Development/ML/progetto-itoLUNGs/data/LungHist700/images/aca_pd/aca_pd_40x_404.jpg,1,aca
train,13,/home/guido/Development/ML/progetto-itoLUNGs/data/LungHist700/images/aca_pd/aca_pd_40x_405.jpg,1,aca
train,18,/home/guido/Development/ML/progetto-itoLUNGs/data/LungHist700/images/aca_pd/aca_pd_40x_70.jpg,1,aca
train,18,/home/guido/Development/ML/progetto-itoLUNGs/data/LungHist700/images/aca_pd/aca_pd_40x_71.jpg,1,aca
train,18,/home/guido/Development/ML/progetto-itoLUNGs/data/LungHist700/images/aca_pd/aca_pd_40x_72.jpg,1,aca
train,18,/home/guido/Development/ML/progetto-itoLUNGs/data/LungHist700/images/aca_pd/aca_pd_40x_73.jpg,1,aca
train,18,/home/guido/Development/ML/progetto-itoLUNGs/data/LungHist700/images/aca_pd/aca_pd_40x_74.jpg,1,aca
train,4,/home/guido/Development/ML/progetto-itoLUNGs/data/LungHist700/images/aca_pd/aca_pd_40x_901.jpg,1,aca
train,4,/home/guido/Development/ML/progetto-itoLUNGs/data/LungHist700/images/aca_pd/aca_pd_40x_902.jpg,1,aca
train,4,/home/guido/Development/ML/progetto-itoLUNGs/data/LungHist700/images/aca_pd/aca_pd_40x_903.jpg,1,aca
train,4,/home/guido/Development/ML/progetto-itoLUNGs/data/LungHist700/images/aca_pd/aca_pd_40x_904.jpg,1,aca
train,4,/home/guido/Development/ML/progetto-itoLUNGs/data/LungHist700/images/aca_pd/aca_pd_40x_905.jpg,1,aca
train,16,/home/guido/Development/ML/progetto-itoLUNGs/data/LungHist700/images/aca_pd/aca_pd_40x_99.jpg,1,aca
train,6,/home/guido/Development/ML/progetto-itoLUNGs/data/LungHist700/images/nor/nor_20x_1.jpg,0,normal
train,6,/home/guido/Development/ML/progetto-itoLUNGs/data/LungHist700/images/nor/nor_20x_10.jpg,0,normal
train,14,/home/guido/Development/ML/progetto-itoLUNGs/data/LungHist700/images/nor/nor_20x_11.jpg,0,normal
train,14,/home/guido/Development/ML/progetto-itoLUNGs/data/LungHist700/images/nor/nor_20x_12.jpg,0,normal
train,14,/home/guido/Development/ML/progetto-itoLUNGs/data/LungHist700/images/nor/nor_20x_13.jpg,0,normal
train,14,/home/guido/Development/ML/progetto-itoLUNGs/data/LungHist700/images/nor/nor_20x_14.jpg,0,normal
train,14,/home/guido/Development/ML/progetto-itoLUNGs/data/LungHist700/images/nor/nor_20x_15.jpg,0,normal
train,14,/home/guido/Development/ML/progetto-itoLUNGs/data/LungHist700/images/nor/nor_20x_16.jpg,0,normal
train,14,/home/guido/Development/ML/progetto-itoLUNGs/data/LungHist700/images/nor/nor_20x_17.jpg,0,normal
train,14,/home/guido/Development/ML/progetto-itoLUNGs/data/LungHist700/images/nor/nor_20x_18.jpg,0,normal
train,14,/home/guido/Development/ML/progetto-itoLUNGs/data/LungHist700/images/nor/nor_20x_19.jpg,0,normal
train,6,/home/guido/Development/ML/progetto-itoLUNGs/data/LungHist700/images/nor/nor_20x_2.jpg,0,normal
train,14,/home/guido/Development/ML/progetto-itoLUNGs/data/LungHist700/images/nor/nor_20x_20.jpg,0,normal
train,41,/home/guido/Development/ML/progetto-itoLUNGs/data/LungHist700/images/nor/nor_20x_21.jpg,0,normal
train,41,/home/guido/Development/ML/progetto-itoLUNGs/data/LungHist700/images/nor/nor_20x_22.jpg,0,normal
train,41,/home/guido/Development/ML/progetto-itoLUNGs/data/LungHist700/images/nor/nor_20x_23.jpg,0,normal
train,41,/home/guido/Development/ML/progetto-itoLUNGs/data/LungHist700/images/nor/nor_20x_24.jpg,0,normal
train,41,/home/guido/Development/ML/progetto-itoLUNGs/data/LungHist700/images/nor/nor_20x_25.jpg,0,normal
train,41,/home/guido/Development/ML/progetto-itoLUNGs/data/LungHist700/images/nor/nor_20x_26.jpg,0,normal
train,41,/home/guido/Development/ML/progetto-itoLUNGs/data/LungHist700/images/nor/nor_20x_27.jpg,0,normal
train,41,/home/guido/Development/ML/progetto-itoLUNGs/data/LungHist700/images/nor/nor_20x_28.jpg,0,normal
train,41,/home/guido/Development/ML/progetto-itoLUNGs/data/LungHist700/images/nor/nor_20x_29.jpg,0,normal
train,6,/home/guido/Development/ML/progetto-itoLUNGs/data/LungHist700/images/nor/nor_20x_3.jpg,0,normal
train,41,/home/guido/Development/ML/progetto-itoLUNGs/data/LungHist700/images/nor/nor_20x_30.jpg,0,normal
train,12,/home/guido/Development/ML/progetto-itoLUNGs/data/LungHist700/images/nor/nor_20x_301.jpg,0,normal
train,12,/home/guido/Development/ML/progetto-itoLUNGs/data/LungHist700/images/nor/nor_20x_302.jpg,0,normal
train,12,/home/guido/Development/ML/progetto-itoLUNGs/data/LungHist700/images/nor/nor_20x_303.jpg,0,normal
train,21,/home/guido/Development/ML/progetto-itoLUNGs/data/LungHist700/images/nor/nor_20x_304.jpg,0,normal
train,21,/home/guido/Development/ML/progetto-itoLUNGs/data/LungHist700/images/nor/nor_20x_305.jpg,0,normal
train,31,/home/guido/Development/ML/progetto-itoLUNGs/data/LungHist700/images/nor/nor_20x_31.jpg,0,normal
train,31,/home/guido/Development/ML/progetto-itoLUNGs/data/LungHist700/images/nor/nor_20x_32.jpg,0,normal
train,31,/home/guido/Development/ML/progetto-itoLUNGs/data/LungHist700/images/nor/nor_20x_33.jpg,0,normal
train,31,/home/guido/Development/ML/progetto-itoLUNGs/data/LungHist700/images/nor/nor_20x_34.jpg,0,normal
train,31,/home/guido/Development/ML/progetto-itoLUNGs/data/LungHist700/images/nor/nor_20x_35.jpg,0,normal
train,31,/home/guido/Development/ML/progetto-itoLUNGs/data/LungHist700/images/nor/nor_20x_36.jpg,0,normal
train,31,/home/guido/Development/ML/progetto-itoLUNGs/data/LungHist700/images/nor/nor_20x_37.jpg,0,normal
train,31,/home/guido/Development/ML/progetto-itoLUNGs/data/LungHist700/images/nor/nor_20x_38.jpg,0,normal
train,31,/home/guido/Development/ML/progetto-itoLUNGs/data/LungHist700/images/nor/nor_20x_39.jpg,0,normal
train,6,/home/guido/Development/ML/progetto-itoLUNGs/data/LungHist700/images/nor/nor_20x_4.jpg,0,normal
train,31,/home/guido/Development/ML/progetto-itoLUNGs/data/LungHist700/images/nor/nor_20x_40.jpg,0,normal
train,44,/home/guido/Development/ML/progetto-itoLUNGs/data/LungHist700/images/nor/nor_20x_401.jpg,0,normal
train,44,/home/guido/Development/ML/progetto-itoLUNGs/data/LungHist700/images/nor/nor_20x_402.jpg,0,normal
train,44,/home/guido/Development/ML/progetto-itoLUNGs/data/LungHist700/images/nor/nor_20x_403.jpg,0,normal
train,44,/home/guido/Development/ML/progetto-itoLUNGs/data/LungHist700/images/nor/nor_20x_404.jpg,0,normal
train,31,/home/guido/Development/ML/progetto-itoLUNGs/data/LungHist700/images/nor/nor_20x_41.jpg,0,normal
train,31,/home/guido/Development/ML/progetto-itoLUNGs/data/LungHist700/images/nor/nor_20x_42.jpg,0,normal
train,31,/home/guido/Development/ML/progetto-itoLUNGs/data/LungHist700/images/nor/nor_20x_43.jpg,0,normal
train,31,/home/guido/Development/ML/progetto-itoLUNGs/data/LungHist700/images/nor/nor_20x_44.jpg,0,normal
train,31,/home/guido/Development/ML/progetto-itoLUNGs/data/LungHist700/images/nor/nor_20x_45.jpg,0,normal
train,31,/home/guido/Development/ML/progetto-itoLUNGs/data/LungHist700/images/nor/nor_20x_47.jpg,0,normal
train,31,/home/guido/Development/ML/progetto-itoLUNGs/data/LungHist700/images/nor/nor_20x_48.jpg,0,normal
train,31,/home/guido/Development/ML/progetto-itoLUNGs/data/LungHist700/images/nor/nor_20x_49.jpg,0,normal
train,6,/home/guido/Development/ML/progetto-itoLUNGs/data/LungHist700/images/nor/nor_20x_5.jpg,0,normal
train,31,/home/guido/Development/ML/progetto-itoLUNGs/data/LungHist700/images/nor/nor_20x_50.jpg,0,normal
train,7,/home/guido/Development/ML/progetto-itoLUNGs/data/LungHist700/images/nor/nor_20x_51.jpg,0,normal
train,7,/home/guido/Development/ML/progetto-itoLUNGs/data/LungHist700/images/nor/nor_20x_52.jpg,0,normal
train,7,/home/guido/Development/ML/progetto-itoLUNGs/data/LungHist700/images/nor/nor_20x_53.jpg,0,normal
train,7,/home/guido/Development/ML/progetto-itoLUNGs/data/LungHist700/images/nor/nor_20x_54.jpg,0,normal
train,7,/home/guido/Development/ML/progetto-itoLUNGs/data/LungHist700/images/nor/nor_20x_55.jpg,0,normal
train,7,/home/guido/Development/ML/progetto-itoLUNGs/data/LungHist700/images/nor/nor_20x_56.jpg,0,normal
train,7,/home/guido/Development/ML/progetto-itoLUNGs/data/LungHist700/images/nor/nor_20x_57.jpg,0,normal
train,7,/home/guido/Development/ML/progetto-itoLUNGs/data/LungHist700/images/nor/nor_20x_58.jpg,0,normal
train,7,/home/guido/Development/ML/progetto-itoLUNGs/data/LungHist700/images/nor/nor_20x_59.jpg,0,normal
train,6,/home/guido/Development/ML/progetto-itoLUNGs/data/LungHist700/images/nor/nor_20x_6.jpg,0,normal
train,7,/home/guido/Development/ML/progetto-itoLUNGs/data/LungHist700/images/nor/nor_20x_60.jpg,0,normal
train,6,/home/guido/Development/ML/progetto-itoLUNGs/data/LungHist700/images/nor/nor_20x_7.jpg,0,normal
train,6,/home/guido/Development/ML/progetto-itoLUNGs/data/LungHist700/images/nor/nor_20x_8.jpg,0,normal
train,6,/home/guido/Development/ML/progetto-itoLUNGs/data/LungHist700/images/nor/nor_20x_9.jpg,0,normal
train,45,/home/guido/Development/ML/progetto-itoLUNGs/data/LungHist700/images/nor/nor_20x_901.jpg,0,normal
train,45,/home/guido/Development/ML/progetto-itoLUNGs/data/LungHist700/images/nor/nor_20x_902.jpg,0,normal
train,45,/home/guido/Development/ML/progetto-itoLUNGs/data/LungHist700/images/nor/nor_20x_903.jpg,0,normal
train,45,/home/guido/Development/ML/progetto-itoLUNGs/data/LungHist700/images/nor/nor_20x_904.jpg,0,normal
train,45,/home/guido/Development/ML/progetto-itoLUNGs/data/LungHist700/images/nor/nor_20x_905.jpg,0,normal
train,6,/home/guido/Development/ML/progetto-itoLUNGs/data/LungHist700/images/nor/nor_40x_1.jpg,0,normal
train,6,/home/guido/Development/ML/progetto-itoLUNGs/data/LungHist700/images/nor/nor_40x_10.jpg,0,normal
train,14,/home/guido/Development/ML/progetto-itoLUNGs/data/LungHist700/images/nor/nor_40x_11.jpg,0,normal
train,14,/home/guido/Development/ML/progetto-itoLUNGs/data/LungHist700/images/nor/nor_40x_12.jpg,0,normal
train,14,/home/guido/Development/ML/progetto-itoLUNGs/data/LungHist700/images/nor/nor_40x_13.jpg,0,normal
train,14,/home/guido/Development/ML/progetto-itoLUNGs/data/LungHist700/images/nor/nor_40x_14.jpg,0,normal
train,14,/home/guido/Development/ML/progetto-itoLUNGs/data/LungHist700/images/nor/nor_40x_15.jpg,0,normal
train,14,/home/guido/Development/ML/progetto-itoLUNGs/data/LungHist700/images/nor/nor_40x_16.jpg,0,normal
train,14,/home/guido/Development/ML/progetto-itoLUNGs/data/LungHist700/images/nor/nor_40x_17.jpg,0,normal
train,14,/home/guido/Development/ML/progetto-itoLUNGs/data/LungHist700/images/nor/nor_40x_18.jpg,0,normal
train,14,/home/guido/Development/ML/progetto-itoLUNGs/data/LungHist700/images/nor/nor_40x_19.jpg,0,normal
train,6,/home/guido/Development/ML/progetto-itoLUNGs/data/LungHist700/images/nor/nor_40x_2.jpg,0,normal
train,14,/home/guido/Development/ML/progetto-itoLUNGs/data/LungHist700/images/nor/nor_40x_20.jpg,0,normal
train,14,/home/guido/Development/ML/progetto-itoLUNGs/data/LungHist700/images/nor/nor_40x_21.jpg,0,normal
train,14,/home/guido/Development/ML/progetto-itoLUNGs/data/LungHist700/images/nor/nor_40x_22.jpg,0,normal
train,14,/home/guido/Development/ML/progetto-itoLUNGs/data/LungHist700/images/nor/nor_40x_23.jpg,0,normal
train,14,/home/guido/Development/ML/progetto-itoLUNGs/data/LungHist700/images/nor/nor_40x_24.jpg,0,normal
train,14,/home/guido/Development/ML/progetto-itoLUNGs/data/LungHist700/images/nor/nor_40x_25.jpg,0,normal
train,14,/home/guido/Development/ML/progetto-itoLUNGs/data/LungHist700/images/nor/nor_40x_26.jpg,0,normal
train,14,/home/guido/Development/ML/progetto-itoLUNGs/data/LungHist700/images/nor/nor_40x_27.jpg,0,normal
train,14,/home/guido/Development/ML/progetto-itoLUNGs/data/LungHist700/images/nor/nor_40x_28.jpg,0,normal
train,14,/home/guido/Development/ML/progetto-itoLUNGs/data/LungHist700/images/nor/nor_40x_29.jpg,0,normal
train,6,/home/guido/Development/ML/progetto-itoLUNGs/data/LungHist700/images/nor/nor_40x_3.jpg,0,normal
train,14,/home/guido/Development/ML/progetto-itoLUNGs/data/LungHist700/images/nor/nor_40x_30.jpg,0,normal
train,12,/home/guido/Development/ML/progetto-itoLUNGs/data/LungHist700/images/nor/nor_40x_301.jpg,0,normal
train,12,/home/guido/Development/ML/progetto-itoLUNGs/data/LungHist700/images/nor/nor_40x_302.jpg,0,normal
train,12,/home/guido/Development/ML/progetto-itoLUNGs/data/LungHist700/images/nor/nor_40x_303.jpg,0,normal
train,21,/home/guido/Development/ML/progetto-itoLUNGs/data/LungHist700/images/nor/nor_40x_304.jpg,0,normal
train,21,/home/guido/Development/ML/progetto-itoLUNGs/data/LungHist700/images/nor/nor_40x_305.jpg,0,normal
train,6,/home/guido/Development/ML/progetto-itoLUNGs/data/LungHist700/images/nor/nor_40x_4.jpg,0,normal
train,44,/home/guido/Development/ML/progetto-itoLUNGs/data/LungHist700/images/nor/nor_40x_401.jpg,0,normal
train,44,/home/guido/Development/ML/progetto-itoLUNGs/data/LungHist700/images/nor/nor_40x_402.jpg,0,normal
train,44,/home/guido/Development/ML/progetto-itoLUNGs/data/LungHist700/images/nor/nor_40x_403.jpg,0,normal
train,44,/home/guido/Development/ML/progetto-itoLUNGs/data/LungHist700/images/nor/nor_40x_404.jpg,0,normal
train,6,/home/guido/Development/ML/progetto-itoLUNGs/data/LungHist700/images/nor/nor_40x_5.jpg,0,normal
train,6,/home/guido/Development/ML/progetto-itoLUNGs/data/LungHist700/images/nor/nor_40x_6.jpg,0,normal
train,6,/home/guido/Development/ML/progetto-itoLUNGs/data/LungHist700/images/nor/nor_40x_7.jpg,0,normal
train,6,/home/guido/Development/ML/progetto-itoLUNGs/data/LungHist700/images/nor/nor_40x_8.jpg,0,normal
train,6,/home/guido/Development/ML/progetto-itoLUNGs/data/LungHist700/images/nor/nor_40x_9.jpg,0,normal
train,43,/home/guido/Development/ML/progetto-itoLUNGs/data/LungHist700/images/nor/nor_40x_90.jpg,0,normal
train,45,/home/guido/Development/ML/progetto-itoLUNGs/data/LungHist700/images/nor/nor_40x_901.jpg,0,normal
train,45,/home/guido/Development/ML/progetto-itoLUNGs/data/LungHist700/images/nor/nor_40x_902.jpg,0,normal
train,45,/home/guido/Development/ML/progetto-itoLUNGs/data/LungHist700/images/nor/nor_40x_903.jpg,0,normal
train,45,/home/guido/Development/ML/progetto-itoLUNGs/data/LungHist700/images/nor/nor_40x_904.jpg,0,normal
train,45,/home/guido/Development/ML/progetto-itoLUNGs/data/LungHist700/images/nor/nor_40x_905.jpg,0,normal
train,43,/home/guido/Development/ML/progetto-itoLUNGs/data/LungHist700/images/nor/nor_40x_91.jpg,0,normal
train,43,/home/guido/Development/ML/progetto-itoLUNGs/data/LungHist700/images/nor/nor_40x_92.jpg,0,normal
train,43,/home/guido/Development/ML/progetto-itoLUNGs/data/LungHist700/images/nor/nor_40x_93.jpg,0,normal
train,43,/home/guido/Development/ML/progetto-itoLUNGs/data/LungHist700/images/nor/nor_40x_94.jpg,0,normal
train,21,/home/guido/Development/ML/progetto-itoLUNGs/data/LungHist700/images/scc_bd/scc_bd_20x_301.jpg,1,scc
train,21,/home/guido/Development/ML/progetto-itoLUNGs/data/LungHist700/images/scc_bd/scc_bd_20x_302.jpg,1,scc
train,21,/home/guido/Development/ML/progetto-itoLUNGs/data/LungHist700/images/scc_bd/scc_bd_20x_303.jpg,1,scc
train,21,/home/guido/Development/ML/progetto-itoLUNGs/data/LungHist700/images/scc_bd/scc_bd_20x_304.jpg,1,scc
train,21,/home/guido/Development/ML/progetto-itoLUNGs/data/LungHist700/images/scc_bd/scc_bd_20x_305.jpg,1,scc
train,25,/home/guido/Development/ML/progetto-itoLUNGs/data/LungHist700/images/scc_bd/scc_bd_20x_34.jpg,1,scc
train,25,/home/guido/Development/ML/progetto-itoLUNGs/data/LungHist700/images/scc_bd/scc_bd_20x_35.jpg,1,scc
train,25,/home/guido/Development/ML/progetto-itoLUNGs/data/LungHist700/images/scc_bd/scc_bd_20x_36.jpg,1,scc
train,25,/home/guido/Development/ML/progetto-itoLUNGs/data/LungHist700/images/scc_bd/scc_bd_20x_37.jpg,1,scc
train,25,/home/guido/Development/ML/progetto-itoLUNGs/data/LungHist700/images/scc_bd/scc_bd_20x_38.jpg,1,scc
train,25,/home/guido/Development/ML/progetto-itoLUNGs/data/LungHist700/images/scc_bd/scc_bd_20x_39.jpg,1,scc
train,25,/home/guido/Development/ML/progetto-itoLUNGs/data/LungHist700/images/scc_bd/scc_bd_20x_40.jpg,1,scc
train,28,/home/guido/Development/ML/progetto-itoLUNGs/data/LungHist700/images/scc_bd/scc_bd_20x_401.jpg,1,scc
train,28,/home/guido/Development/ML/progetto-itoLUNGs/data/LungHist700/images/scc_bd/scc_bd_20x_402.jpg,1,scc
train,28,/home/guido/Development/ML/progetto-itoLUNGs/data/LungHist700/images/scc_bd/scc_bd_20x_403.jpg,1,scc
train,28,/home/guido/Development/ML/progetto-itoLUNGs/data/LungHist700/images/scc_bd/scc_bd_20x_404.jpg,1,scc
train,28,/home/guido/Development/ML/progetto-itoLUNGs/data/LungHist700/images/scc_bd/scc_bd_20x_405.jpg,1,scc
train,25,/home/guido/Development/ML/progetto-itoLUNGs/data/LungHist700/images/scc_bd/scc_bd_20x_41.jpg,1,scc
train,27,/home/guido/Development/ML/progetto-itoLUNGs/data/LungHist700/images/scc_bd/scc_bd_20x_62.jpg,1,scc
train,27,/home/guido/Development/ML/progetto-itoLUNGs/data/LungHist700/images/scc_bd/scc_bd_20x_63.jpg,1,scc
train,27,/home/guido/Development/ML/progetto-itoLUNGs/data/LungHist700/images/scc_bd/scc_bd_20x_64.jpg,1,scc
train,27,/home/guido/Development/ML/progetto-itoLUNGs/data/LungHist700/images/scc_bd/scc_bd_20x_65.jpg,1,scc
train,27,/home/guido/Development/ML/progetto-itoLUNGs/data/LungHist700/images/scc_bd/scc_bd_20x_66.jpg,1,scc
train,27,/home/guido/Development/ML/progetto-itoLUNGs/data/LungHist700/images/scc_bd/scc_bd_20x_67.jpg,1,scc
train,27,/home/guido/Development/ML/progetto-itoLUNGs/data/LungHist700/images/scc_bd/scc_bd_20x_68.jpg,1,scc
train,27,/home/guido/Development/ML/progetto-itoLUNGs/data/LungHist700/images/scc_bd/scc_bd_20x_69.jpg,1,scc
train,27,/home/guido/Development/ML/progetto-itoLUNGs/data/LungHist700/images/scc_bd/scc_bd_20x_70.jpg,1,scc
train,27,/home/guido/Development/ML/progetto-itoLUNGs/data/LungHist700/images/scc_bd/scc_bd_20x_71.jpg,1,scc
train,27,/home/guido/Development/ML/progetto-itoLUNGs/data/LungHist700/images/scc_bd/scc_bd_20x_72.jpg,1,scc
train,18,/home/guido/Development/ML/progetto-itoLUNGs/data/LungHist700/images/scc_bd/scc_bd_20x_74.jpg,1,scc
train,28,/home/guido/Development/ML/progetto-itoLUNGs/data/LungHist700/images/scc_bd/scc_bd_20x_80.jpg,1,scc
train,28,/home/guido/Development/ML/progetto-itoLUNGs/data/LungHist700/images/scc_bd/scc_bd_20x_81.jpg,1,scc
train,28,/home/guido/Development/ML/progetto-itoLUNGs/data/LungHist700/images/scc_bd/scc_bd_20x_82.jpg,1,scc
train,23,/home/guido/Development/ML/progetto-itoLUNGs/data/LungHist700/images/scc_bd/scc_bd_20x_901.jpg,1,scc
train,23,/home/guido/Development/ML/progetto-itoLUNGs/data/LungHist700/images/scc_bd/scc_bd_20x_902.jpg,1,scc
train,23,/home/guido/Development/ML/progetto-itoLUNGs/data/LungHist700/images/scc_bd/scc_bd_20x_903.jpg,1,scc
train,23,/home/guido/Development/ML/progetto-itoLUNGs/data/LungHist700/images/scc_bd/scc_bd_20x_904.jpg,1,scc
train,23,/home/guido/Development/ML/progetto-itoLUNGs/data/LungHist700/images/scc_bd/scc_bd_20x_905.jpg,1,scc
train,25,/home/guido/Development/ML/progetto-itoLUNGs/data/LungHist700/images/scc_bd/scc_bd_40x_27.jpg,1,scc
train,25,/home/guido/Development/ML/progetto-itoLUNGs/data/LungHist700/images/scc_bd/scc_bd_40x_28.jpg,1,scc
train,25,/home/guido/Development/ML/progetto-itoLUNGs/data/LungHist700/images/scc_bd/scc_bd_40x_29.jpg,1,scc
train,25,/home/guido/Development/ML/progetto-itoLUNGs/data/LungHist700/images/scc_bd/scc_bd_40x_30.jpg,1,scc
train,21,/home/guido/Development/ML/progetto-itoLUNGs/data/LungHist700/images/scc_bd/scc_bd_40x_301.jpg,1,scc
train,21,/home/guido/Development/ML/progetto-itoLUNGs/data/LungHist700/images/scc_bd/scc_bd_40x_302.jpg,1,scc
train,21,/home/guido/Development/ML/progetto-itoLUNGs/data/LungHist700/images/scc_bd/scc_bd_40x_303.jpg,1,scc
train,21,/home/guido/Development/ML/progetto-itoLUNGs/data/LungHist700/images/scc_bd/scc_bd_40x_304.jpg,1,scc
train,21,/home/guido/Development/ML/progetto-itoLUNGs/data/LungHist700/images/scc_bd/scc_bd_40x_305.jpg,1,scc
train,25,/home/guido/Development/ML/progetto-itoLUNGs/data/LungHist700/images/scc_bd/scc_bd_40x_31.jpg,1,scc
train,25,/home/guido/Development/ML/progetto-itoLUNGs/data/LungHist700/images/scc_bd/scc_bd_40x_32.jpg,1,scc
train,25,/home/guido/Development/ML/progetto-itoLUNGs/data/LungHist700/images/scc_bd/scc_bd_40x_33.jpg,1,scc
train,25,/home/guido/Development/ML/progetto-itoLUNGs/data/LungHist700/images/scc_bd/scc_bd_40x_34.jpg,1,scc
train,25,/home/guido/Development/ML/progetto-itoLUNGs/data/LungHist700/images/scc_bd/scc_bd_40x_35.jpg,1,scc
train,25,/home/guido/Development/ML/progetto-itoLUNGs/data/LungHist700/images/scc_bd/scc_bd_40x_36.jpg,1,scc
train,25,/home/guido/Development/ML/progetto-itoLUNGs/data/LungHist700/images/scc_bd/scc_bd_40x_37.jpg,1,scc
train,25,/home/guido/Development/ML/progetto-itoLUNGs/data/LungHist700/images/scc_bd/scc_bd_40x_38.jpg,1,scc
train,25,/home/guido/Development/ML/progetto-itoLUNGs/data/LungHist700/images/scc_bd/scc_bd_40x_39.jpg,1,scc
train,25,/home/guido/Development/ML/progetto-itoLUNGs/data/LungHist700/images/scc_bd/scc_bd_40x_40.jpg,1,scc
train,28,/home/guido/Development/ML/progetto-itoLUNGs/data/LungHist700/images/scc_bd/scc_bd_40x_401.jpg,1,scc
train,28,/home/guido/Development/ML/progetto-itoLUNGs/data/LungHist700/images/scc_bd/scc_bd_40x_402.jpg,1,scc
train,28,/home/guido/Development/ML/progetto-itoLUNGs/data/LungHist700/images/scc_bd/scc_bd_40x_403.jpg,1,scc
train,28,/home/guido/Development/ML/progetto-itoLUNGs/data/LungHist700/images/scc_bd/scc_bd_40x_404.jpg,1,scc
train,28,/home/guido/Development/ML/progetto-itoLUNGs/data/LungHist700/images/scc_bd/scc_bd_40x_405.jpg,1,scc
train,25,/home/guido/Development/ML/progetto-itoLUNGs/data/LungHist700/images/scc_bd/scc_bd_40x_41.jpg,1,scc
train,30,/home/guido/Development/ML/progetto-itoLUNGs/data/LungHist700/images/scc_bd/scc_bd_40x_73.jpg,1,scc
train,28,/home/guido/Development/ML/progetto-itoLUNGs/data/LungHist700/images/scc_bd/scc_bd_40x_82.jpg,1,scc
train,28,/home/guido/Development/ML/progetto-itoLUNGs/data/LungHist700/images/scc_bd/scc_bd_40x_83.jpg,1,scc
train,28,/home/guido/Development/ML/progetto-itoLUNGs/data/LungHist700/images/scc_bd/scc_bd_40x_84.jpg,1,scc
train,28,/home/guido/Development/ML/progetto-itoLUNGs/data/LungHist700/images/scc_bd/scc_bd_40x_85.jpg,1,scc
train,28,/home/guido/Development/ML/progetto-itoLUNGs/data/LungHist700/images/scc_bd/scc_bd_40x_86.jpg,1,scc
train,28,/home/guido/Development/ML/progetto-itoLUNGs/data/LungHist700/images/scc_bd/scc_bd_40x_87.jpg,1,scc
train,22,/home/guido/Development/ML/progetto-itoLUNGs/data/LungHist700/images/scc_bd/scc_bd_40x_901.jpg,1,scc
train,22,/home/guido/Development/ML/progetto-itoLUNGs/data/LungHist700/images/scc_bd/scc_bd_40x_902.jpg,1,scc
train,22,/home/guido/Development/ML/progetto-itoLUNGs/data/LungHist700/images/scc_bd/scc_bd_40x_903.jpg,1,scc
train,22,/home/guido/Development/ML/progetto-itoLUNGs/data/LungHist700/images/scc_bd/scc_bd_40x_904.jpg,1,scc
train,22,/home/guido/Development/ML/progetto-itoLUNGs/data/LungHist700/images/scc_bd/scc_bd_40x_905.jpg,1,scc
train,30,/home/guido/Development/ML/progetto-itoLUNGs/data/LungHist700/images/scc_md/scc_md_20x_201.jpg,1,scc
train,31,/home/guido/Development/ML/progetto-itoLUNGs/data/LungHist700/images/scc_md/scc_md_20x_22.jpg,1,scc
train,31,/home/guido/Development/ML/progetto-itoLUNGs/data/LungHist700/images/scc_md/scc_md_20x_23.jpg,1,scc
train,31,/home/guido/Development/ML/progetto-itoLUNGs/data/LungHist700/images/scc_md/scc_md_20x_24.jpg,1,scc
train,31,/home/guido/Development/ML/progetto-itoLUNGs/data/LungHist700/images/scc_md/scc_md_20x_25.jpg,1,scc
train,31,/home/guido/Development/ML/progetto-itoLUNGs/data/LungHist700/images/scc_md/scc_md_20x_26.jpg,1,scc
train,31,/home/guido/Development/ML/progetto-itoLUNGs/data/LungHist700/images/scc_md/scc_md_20x_28.jpg,1,scc
train,31,/home/guido/Development/ML/progetto-itoLUNGs/data/LungHist700/images/scc_md/scc_md_20x_29.jpg,1,scc
train,36,/home/guido/Development/ML/progetto-itoLUNGs/data/LungHist700/images/scc_md/scc_md_20x_301.jpg,1,scc
train,36,/home/guido/Development/ML/progetto-itoLUNGs/data/LungHist700/images/scc_md/scc_md_20x_302.jpg,1,scc
train,36,/home/guido/Development/ML/progetto-itoLUNGs/data/LungHist700/images/scc_md/scc_md_20x_303.jpg,1,scc
train,36,/home/guido/Development/ML/progetto-itoLUNGs/data/LungHist700/images/scc_md/scc_md_20x_304.jpg,1,scc
train,36,/home/guido/Development/ML/progetto-itoLUNGs/data/LungHist700/images/scc_md/scc_md_20x_305.jpg,1,scc
train,37,/home/guido/Development/ML/progetto-itoLUNGs/data/LungHist700/images/scc_md/scc_md_20x_401.jpg,1,scc
train,37,/home/guido/Development/ML/progetto-itoLUNGs/data/LungHist700/images/scc_md/scc_md_20x_402.jpg,1,scc
train,37,/home/guido/Development/ML/progetto-itoLUNGs/data/LungHist700/images/scc_md/scc_md_20x_403.jpg,1,scc
train,37,/home/guido/Development/ML/progetto-itoLUNGs/data/LungHist700/images/scc_md/scc_md_20x_404.jpg,1,scc
train,37,/home/guido/Development/ML/progetto-itoLUNGs/data/LungHist700/images/scc_md/scc_md_20x_405.jpg,1,scc
train,33,/home/guido/Development/ML/progetto-itoLUNGs/data/LungHist700/images/scc_md/scc_md_20x_60.jpg,1,scc
train,33,/home/guido/Development/ML/progetto-itoLUNGs/data/LungHist700/images/scc_md/scc_md_20x_61.jpg,1,scc
train,33,/home/guido/Development/ML/progetto-itoLUNGs/data/LungHist700/images/scc_md/scc_md_20x_62.jpg,1,scc
train,24,/home/guido/Development/ML/progetto-itoLUNGs/data/LungHist700/images/scc_md/scc_md_20x_901.jpg,1,scc
train,24,/home/guido/Development/ML/progetto-itoLUNGs/data/LungHist700/images/scc_md/scc_md_20x_902.jpg,1,scc
train,24,/home/guido/Development/ML/progetto-itoLUNGs/data/LungHist700/images/scc_md/scc_md_20x_903.jpg,1,scc
train,24,/home/guido/Development/ML/progetto-itoLUNGs/data/LungHist700/images/scc_md/scc_md_20x_904.jpg,1,scc
train,24,/home/guido/Development/ML/progetto-itoLUNGs/data/LungHist700/images/scc_md/scc_md_20x_905.jpg,1,scc
train,36,/home/guido/Development/ML/progetto-itoLUNGs/data/LungHist700/images/scc_md/scc_md_40x_301.jpg,1,scc
train,36,/home/guido/Development/ML/progetto-itoLUNGs/data/LungHist700/images/scc_md/scc_md_40x_302.jpg,1,scc
train,36,/home/guido/Development/ML/progetto-itoLUNGs/data/LungHist700/images/scc_md/scc_md_40x_303.jpg,1,scc
train,36,/home/guido/Development/ML/progetto-itoLUNGs/data/LungHist700/images/scc_md/scc_md_40x_304.jpg,1,scc
train,36,/home/guido/Development/ML/progetto-itoLUNGs/data/LungHist700/images/scc_md/scc_md_40x_305.jpg,1,scc
train,34,/home/guido/Development/ML/progetto-itoLUNGs/data/LungHist700/images/scc_md/scc_md_40x_33.jpg,1,scc
train,34,/home/guido/Development/ML/progetto-itoLUNGs/data/LungHist700/images/scc_md/scc_md_40x_34.jpg,1,scc
train,34,/home/guido/Development/ML/progetto-itoLUNGs/data/LungHist700/images/scc_md/scc_md_40x_35.jpg,1,scc
train,34,/home/guido/Development/ML/progetto-itoLUNGs/data/LungHist700/images/scc_md/scc_md_40x_4.jpg,1,scc
train,37,/home/guido/Development/ML/progetto-itoLUNGs/data/LungHist700/images/scc_md/scc_md_40x_401.jpg,1,scc
train,37,/home/guido/Development/ML/progetto-itoLUNGs/data/LungHist700/images/scc_md/scc_md_40x_402.jpg,1,scc
train,37,/home/guido/Development/ML/progetto-itoLUNGs/data/LungHist700/images/scc_md/scc_md_40x_403.jpg,1,scc
train,37,/home/guido/Development/ML/progetto-itoLUNGs/data/LungHist700/images/scc_md/scc_md_40x_404.jpg,1,scc
train,37,/home/guido/Development/ML/progetto-itoLUNGs/data/LungHist700/images/scc_md/scc_md_40x_405.jpg,1,scc
train,33,/home/guido/Development/ML/progetto-itoLUNGs/data/LungHist700/images/scc_md/scc_md_40x_63.jpg,1,scc
train,33,/home/guido/Development/ML/progetto-itoLUNGs/data/LungHist700/images/scc_md/scc_md_40x_64.jpg,1,scc
train,33,/home/guido/Development/ML/progetto-itoLUNGs/data/LungHist700/images/scc_md/scc_md_40x_65.jpg,1,scc
train,33,/home/guido/Development/ML/progetto-itoLUNGs/data/LungHist700/images/scc_md/scc_md_40x_66.jpg,1,scc
train,33,/home/guido/Development/ML/progetto-itoLUNGs/data/LungHist700/images/scc_md/scc_md_40x_67.jpg,1,scc
train,33,/home/guido/Development/ML/progetto-itoLUNGs/data/LungHist700/images/scc_md/scc_md_40x_68.jpg,1,scc
train,33,/home/guido/Development/ML/progetto-itoLUNGs/data/LungHist700/images/scc_md/scc_md_40x_69.jpg,1,scc
train,33,/home/guido/Development/ML/progetto-itoLUNGs/data/LungHist700/images/scc_md/scc_md_40x_70.jpg,1,scc
train,35,/home/guido/Development/ML/progetto-itoLUNGs/data/LungHist700/images/scc_md/scc_md_40x_71.jpg,1,scc
train,24,/home/guido/Development/ML/progetto-itoLUNGs/data/LungHist700/images/scc_md/scc_md_40x_901.jpg,1,scc
train,24,/home/guido/Development/ML/progetto-itoLUNGs/data/LungHist700/images/scc_md/scc_md_40x_902.jpg,1,scc
train,24,/home/guido/Development/ML/progetto-itoLUNGs/data/LungHist700/images/scc_md/scc_md_40x_903.jpg,1,scc
train,24,/home/guido/Development/ML/progetto-itoLUNGs/data/LungHist700/images/scc_md/scc_md_40x_904.jpg,1,scc
train,24,/home/guido/Development/ML/progetto-itoLUNGs/data/LungHist700/images/scc_md/scc_md_40x_905.jpg,1,scc
train,38,/home/guido/Development/ML/progetto-itoLUNGs/data/LungHist700/images/scc_pd/scc_pd_20x_1.jpg,1,scc
train,38,/home/guido/Development/ML/progetto-itoLUNGs/data/LungHist700/images/scc_pd/scc_pd_20x_10.jpg,1,scc
train,38,/home/guido/Development/ML/progetto-itoLUNGs/data/LungHist700/images/scc_pd/scc_pd_20x_11.jpg,1,scc
train,38,/home/guido/Development/ML/progetto-itoLUNGs/data/LungHist700/images/scc_pd/scc_pd_20x_12.jpg,1,scc
train,38,/home/guido/Development/ML/progetto-itoLUNGs/data/LungHist700/images/scc_pd/scc_pd_20x_13.jpg,1,scc
train,38,/home/guido/Development/ML/progetto-itoLUNGs/data/LungHist700/images/scc_pd/scc_pd_20x_14.jpg,1,scc
train,38,/home/guido/Development/ML/progetto-itoLUNGs/data/LungHist700/images/scc_pd/scc_pd_20x_15.jpg,1,scc
train,38,/home/guido/Development/ML/progetto-itoLUNGs/data/LungHist700/images/scc_pd/scc_pd_20x_16.jpg,1,scc
train,38,/home/guido/Development/ML/progetto-itoLUNGs/data/LungHist700/images/scc_pd/scc_pd_20x_17.jpg,1,scc
train,38,/home/guido/Development/ML/progetto-itoLUNGs/data/LungHist700/images/scc_pd/scc_pd_20x_18.jpg,1,scc
train,38,/home/guido/Development/ML/progetto-itoLUNGs/data/LungHist700/images/scc_pd/scc_pd_20x_2.jpg,1,scc
train,30,/home/guido/Development/ML/progetto-itoLUNGs/data/LungHist700/images/scc_pd/scc_pd_20x_200.jpg,1,scc
train,38,/home/guido/Development/ML/progetto-itoLUNGs/data/LungHist700/images/scc_pd/scc_pd_20x_3.jpg,1,scc
train,40,/home/guido/Development/ML/progetto-itoLUNGs/data/LungHist700/images/scc_pd/scc_pd_20x_301.jpg,1,scc
train,40,/home/guido/Development/ML/progetto-itoLUNGs/data/LungHist700/images/scc_pd/scc_pd_20x_302.jpg,1,scc
train,40,/home/guido/Development/ML/progetto-itoLUNGs/data/LungHist700/images/scc_pd/scc_pd_20x_304.jpg,1,scc
train,40,/home/guido/Development/ML/progetto-itoLUNGs/data/LungHist700/images/scc_pd/scc_pd_20x_305.jpg,1,scc
train,38,/home/guido/Development/ML/progetto-itoLUNGs/data/LungHist700/images/scc_pd/scc_pd_20x_4.jpg,1,scc
train,38,/home/guido/Development/ML/progetto-itoLUNGs/data/LungHist700/images/scc_pd/scc_pd_20x_5.jpg,1,scc
train,38,/home/guido/Development/ML/progetto-itoLUNGs/data/LungHist700/images/scc_pd/scc_pd_20x_6.jpg,1,scc
train,38,/home/guido/Development/ML/progetto-itoLUNGs/data/LungHist700/images/scc_pd/scc_pd_20x_7.jpg,1,scc
train,38,/home/guido/Development/ML/progetto-itoLUNGs/data/LungHist700/images/scc_pd/scc_pd_20x_8.jpg,1,scc
train,38,/home/guido/Development/ML/progetto-itoLUNGs/data/LungHist700/images/scc_pd/scc_pd_20x_9.jpg,1,scc
train,24,/home/guido/Development/ML/progetto-itoLUNGs/data/LungHist700/images/scc_pd/scc_pd_20x_901.jpg,1,scc
train,24,/home/guido/Development/ML/progetto-itoLUNGs/data/LungHist700/images/scc_pd/scc_pd_20x_902.jpg,1,scc
train,24,/home/guido/Development/ML/progetto-itoLUNGs/data/LungHist700/images/scc_pd/scc_pd_20x_903.jpg,1,scc
train,24,/home/guido/Development/ML/progetto-itoLUNGs/data/LungHist700/images/scc_pd/scc_pd_20x_904.jpg,1,scc
train,24,/home/guido/Development/ML/progetto-itoLUNGs/data/LungHist700/images/scc_pd/scc_pd_20x_905.jpg,1,scc
train,38,/home/guido/Development/ML/progetto-itoLUNGs/data/LungHist700/images/scc_pd/scc_pd_40x_1.jpg,1,scc
train,38,/home/guido/Development/ML/progetto-itoLUNGs/data/LungHist700/images/scc_pd/scc_pd_40x_14.jpg,1,scc
train,38,/home/guido/Development/ML/progetto-itoLUNGs/data/LungHist700/images/scc_pd/scc_pd_40x_15.jpg,1,scc
train,38,/home/guido/Development/ML/progetto-itoLUNGs/data/LungHist700/images/scc_pd/scc_pd_40x_16.jpg,1,scc
train,38,/home/guido/Development/ML/progetto-itoLUNGs/data/LungHist700/images/scc_pd/scc_pd_40x_17.jpg,1,scc
train,31,/home/guido/Development/ML/progetto-itoLUNGs/data/LungHist700/images/scc_pd/scc_pd_40x_18.jpg,1,scc
train,31,/home/guido/Development/ML/progetto-itoLUNGs/data/LungHist700/images/scc_pd/scc_pd_40x_21.jpg,1,scc
train,31,/home/guido/Development/ML/progetto-itoLUNGs/data/LungHist700/images/scc_pd/scc_pd_40x_22.jpg,1,scc
train,31,/home/guido/Development/ML/progetto-itoLUNGs/data/LungHist700/images/scc_pd/scc_pd_40x_23.jpg,1,scc
train,31,/home/guido/Development/ML/progetto-itoLUNGs/data/LungHist700/images/scc_pd/scc_pd_40x_24.jpg,1,scc
train,31,/home/guido/Development/ML/progetto-itoLUNGs/data/LungHist700/images/scc_pd/scc_pd_40x_25.jpg,1,scc
train,34,/home/guido/Development/ML/progetto-itoLUNGs/data/LungHist700/images/scc_pd/scc_pd_40x_26.jpg,1,scc
train,34,/home/guido/Development/ML/progetto-itoLUNGs/data/LungHist700/images/scc_pd/scc_pd_40x_30.jpg,1,scc
train,40,/home/guido/Development/ML/progetto-itoLUNGs/data/LungHist700/images/scc_pd/scc_pd_40x_301.jpg,1,scc
train,40,/home/guido/Development/ML/progetto-itoLUNGs/data/LungHist700/images/scc_pd/scc_pd_40x_302.jpg,1,scc
train,40,/home/guido/Development/ML/progetto-itoLUNGs/data/LungHist700/images/scc_pd/scc_pd_40x_303.jpg,1,scc
train,40,/home/guido/Development/ML/progetto-itoLUNGs/data/LungHist700/images/scc_pd/scc_pd_40x_304.jpg,1,scc
train,40,/home/guido/Development/ML/progetto-itoLUNGs/data/LungHist700/images/scc_pd/scc_pd_40x_305.jpg,1,scc
train,34,/home/guido/Development/ML/progetto-itoLUNGs/data/LungHist700/images/scc_pd/scc_pd_40x_31.jpg,1,scc
train,34,/home/guido/Development/ML/progetto-itoLUNGs/data/LungHist700/images/scc_pd/scc_pd_40x_32.jpg,1,scc
train,34,/home/guido/Development/ML/progetto-itoLUNGs/data/LungHist700/images/scc_pd/scc_pd_40x_33.jpg,1,scc
train,34,/home/guido/Development/ML/progetto-itoLUNGs/data/LungHist700/images/scc_pd/scc_pd_40x_34.jpg,1,scc
train,34,/home/guido/Development/ML/progetto-itoLUNGs/data/LungHist700/images/scc_pd/scc_pd_40x_35.jpg,1,scc
train,34,/home/guido/Development/ML/progetto-itoLUNGs/data/LungHist700/images/scc_pd/scc_pd_40x_36.jpg,1,scc
train,34,/home/guido/Development/ML/progetto-itoLUNGs/data/LungHist700/images/scc_pd/scc_pd_40x_37.jpg,1,scc
train,34,/home/guido/Development/ML/progetto-itoLUNGs/data/LungHist700/images/scc_pd/scc_pd_40x_38.jpg,1,scc
train,34,/home/guido/Development/ML/progetto-itoLUNGs/data/LungHist700/images/scc_pd/scc_pd_40x_39.jpg,1,scc
train,34,/home/guido/Development/ML/progetto-itoLUNGs/data/LungHist700/images/scc_pd/scc_pd_40x_40.jpg,1,scc
train,34,/home/guido/Development/ML/progetto-itoLUNGs/data/LungHist700/images/scc_pd/scc_pd_40x_41.jpg,1,scc
train,34,/home/guido/Development/ML/progetto-itoLUNGs/data/LungHist700/images/scc_pd/scc_pd_40x_42.jpg,1,scc
train,34,/home/guido/Development/ML/progetto-itoLUNGs/data/LungHist700/images/scc_pd/scc_pd_40x_43.jpg,1,scc
train,34,/home/guido/Development/ML/progetto-itoLUNGs/data/LungHist700/images/scc_pd/scc_pd_40x_44.jpg,1,scc
train,34,/home/guido/Development/ML/progetto-itoLUNGs/data/LungHist700/images/scc_pd/scc_pd_40x_45.jpg,1,scc
train,34,/home/guido/Development/ML/progetto-itoLUNGs/data/LungHist700/images/scc_pd/scc_pd_40x_46.jpg,1,scc
train,34,/home/guido/Development/ML/progetto-itoLUNGs/data/LungHist700/images/scc_pd/scc_pd_40x_47.jpg,1,scc
train,24,/home/guido/Development/ML/progetto-itoLUNGs/data/LungHist700/images/scc_pd/scc_pd_40x_901.jpg,1,scc
train,24,/home/guido/Development/ML/progetto-itoLUNGs/data/LungHist700/images/scc_pd/scc_pd_40x_902.jpg,1,scc
train,24,/home/guido/Development/ML/progetto-itoLUNGs/data/LungHist700/images/scc_pd/scc_pd_40x_903.jpg,1,scc
train,24,/home/guido/Development/ML/progetto-itoLUNGs/data/LungHist700/images/scc_pd/scc_pd_40x_904.jpg,1,scc
train,24,/home/guido/Development/ML/progetto-itoLUNGs/data/LungHist700/images/scc_pd/scc_pd_40x_905.jpg,1,scc
val,5,/home/guido/Development/ML/progetto-itoLUNGs/data/LungHist700/images/aca_bd/aca_bd_20x_0.jpg,1,aca
val,5,/home/guido/Development/ML/progetto-itoLUNGs/data/LungHist700/images/aca_bd/aca_bd_20x_1.jpg,1,aca
val,5,/home/guido/Development/ML/progetto-itoLUNGs/data/LungHist700/images/aca_bd/aca_bd_20x_10.jpg,1,aca
val,5,/home/guido/Development/ML/progetto-itoLUNGs/data/LungHist700/images/aca_bd/aca_bd_20x_2.jpg,1,aca
val,5,/home/guido/Development/ML/progetto-itoLUNGs/data/LungHist700/images/aca_bd/aca_bd_20x_3.jpg,1,aca
val,5,/home/guido/Development/ML/progetto-itoLUNGs/data/LungHist700/images/aca_bd/aca_bd_20x_4.jpg,1,aca
val,5,/home/guido/Development/ML/progetto-itoLUNGs/data/LungHist700/images/aca_bd/aca_bd_20x_5.jpg,1,aca
val,5,/home/guido/Development/ML/progetto-itoLUNGs/data/LungHist700/images/aca_bd/aca_bd_20x_6.jpg,1,aca
val,5,/home/guido/Development/ML/progetto-itoLUNGs/data/LungHist700/images/aca_bd/aca_bd_20x_7.jpg,1,aca
val,5,/home/guido/Development/ML/progetto-itoLUNGs/data/LungHist700/images/aca_bd/aca_bd_20x_8.jpg,1,aca
val,5,/home/guido/Development/ML/progetto-itoLUNGs/data/LungHist700/images/aca_bd/aca_bd_20x_9.jpg,1,aca
val,10,/home/guido/Development/ML/progetto-itoLUNGs/data/LungHist700/images/aca_bd/aca_bd_40x_200.jpg,1,aca
val,10,/home/guido/Development/ML/progetto-itoLUNGs/data/LungHist700/images/aca_bd/aca_bd_40x_201.jpg,1,aca
val,10,/home/guido/Development/ML/progetto-itoLUNGs/data/LungHist700/images/aca_bd/aca_bd_40x_202.jpg,1,aca
val,10,/home/guido/Development/ML/progetto-itoLUNGs/data/LungHist700/images/aca_bd/aca_bd_40x_203.jpg,1,aca
val,10,/home/guido/Development/ML/progetto-itoLUNGs/data/LungHist700/images/aca_bd/aca_bd_40x_204.jpg,1,aca
val,10,/home/guido/Development/ML/progetto-itoLUNGs/data/LungHist700/images/aca_bd/aca_bd_40x_205.jpg,1,aca
val,11,/home/guido/Development/ML/progetto-itoLUNGs/data/LungHist700/images/aca_bd/aca_bd_40x_50.jpg,1,aca
val,11,/home/guido/Development/ML/progetto-itoLUNGs/data/LungHist700/images/aca_bd/aca_bd_40x_51.jpg,1,aca
val,11,/home/guido/Development/ML/progetto-itoLUNGs/data/LungHist700/images/aca_bd/aca_bd_40x_52.jpg,1,aca
val,11,/home/guido/Development/ML/progetto-itoLUNGs/data/LungHist700/images/aca_bd/aca_bd_40x_53.jpg,1,aca
val,11,/home/guido/Development/ML/progetto-itoLUNGs/data/LungHist700/images/aca_bd/aca_bd_40x_54.jpg,1,aca
val,11,/home/guido/Development/ML/progetto-itoLUNGs/data/LungHist700/images/aca_bd/aca_bd_40x_55.jpg,1,aca
val,11,/home/guido/Development/ML/progetto-itoLUNGs/data/LungHist700/images/aca_bd/aca_bd_40x_58.jpg,1,aca
val,3,/home/guido/Development/ML/progetto-itoLUNGs/data/LungHist700/images/aca_md/aca_md_20x_901.jpg,1,aca
val,3,/home/guido/Development/ML/progetto-itoLUNGs/data/LungHist700/images/aca_md/aca_md_20x_902.jpg,1,aca
val,2,/home/guido/Development/ML/progetto-itoLUNGs/data/LungHist700/images/aca_md/aca_md_20x_903.jpg,1,aca
val,2,/home/guido/Development/ML/progetto-itoLUNGs/data/LungHist700/images/aca_md/aca_md_20x_904.jpg,1,aca
val,2,/home/guido/Development/ML/progetto-itoLUNGs/data/LungHist700/images/aca_md/aca_md_20x_905.jpg,1,aca
val,17,/home/guido/Development/ML/progetto-itoLUNGs/data/LungHist700/images/aca_md/aca_md_40x_59.jpg,1,aca
val,17,/home/guido/Development/ML/progetto-itoLUNGs/data/LungHist700/images/aca_md/aca_md_40x_60.jpg,1,aca
val,17,/home/guido/Development/ML/progetto-itoLUNGs/data/LungHist700/images/aca_md/aca_md_40x_61.jpg,1,aca
val,17,/home/guido/Development/ML/progetto-itoLUNGs/data/LungHist700/images/aca_md/aca_md_40x_62.jpg,1,aca
val,17,/home/guido/Development/ML/progetto-itoLUNGs/data/LungHist700/images/aca_md/aca_md_40x_63.jpg,1,aca
val,2,/home/guido/Development/ML/progetto-itoLUNGs/data/LungHist700/images/aca_md/aca_md_40x_901.jpg,1,aca
val,2,/home/guido/Development/ML/progetto-itoLUNGs/data/LungHist700/images/aca_md/aca_md_40x_902.jpg,1,aca
val,2,/home/guido/Development/ML/progetto-itoLUNGs/data/LungHist700/images/aca_md/aca_md_40x_903.jpg,1,aca
val,2,/home/guido/Development/ML/progetto-itoLUNGs/data/LungHist700/images/aca_md/aca_md_40x_904.jpg,1,aca
val,2,/home/guido/Development/ML/progetto-itoLUNGs/data/LungHist700/images/aca_md/aca_md_40x_905.jpg,1,aca
val,17,/home/guido/Development/ML/progetto-itoLUNGs/data/LungHist700/images/aca_pd/aca_pd_40x_64.jpg,1,aca
val,19,/home/guido/Development/ML/progetto-itoLUNGs/data/LungHist700/images/aca_pd/aca_pd_40x_65.jpg,1,aca
val,19,/home/guido/Development/ML/progetto-itoLUNGs/data/LungHist700/images/aca_pd/aca_pd_40x_66.jpg,1,aca
val,19,/home/guido/Development/ML/progetto-itoLUNGs/data/LungHist700/images/aca_pd/aca_pd_40x_67.jpg,1,aca
val,19,/home/guido/Development/ML/progetto-itoLUNGs/data/LungHist700/images/aca_pd/aca_pd_40x_68.jpg,1,aca
val,19,/home/guido/Development/ML/progetto-itoLUNGs/data/LungHist700/images/aca_pd/aca_pd_40x_69.jpg,1,aca
val,17,/home/guido/Development/ML/progetto-itoLUNGs/data/LungHist700/images/nor/nor_20x_61.jpg,0,normal
val,17,/home/guido/Development/ML/progetto-itoLUNGs/data/LungHist700/images/nor/nor_20x_62.jpg,0,normal
val,17,/home/guido/Development/ML/progetto-itoLUNGs/data/LungHist700/images/nor/nor_20x_63.jpg,0,normal
val,17,/home/guido/Development/ML/progetto-itoLUNGs/data/LungHist700/images/nor/nor_20x_64.jpg,0,normal
val,17,/home/guido/Development/ML/progetto-itoLUNGs/data/LungHist700/images/nor/nor_20x_65.jpg,0,normal
val,17,/home/guido/Development/ML/progetto-itoLUNGs/data/LungHist700/images/nor/nor_20x_66.jpg,0,normal
val,17,/home/guido/Development/ML/progetto-itoLUNGs/data/LungHist700/images/nor/nor_20x_67.jpg,0,normal
val,17,/home/guido/Development/ML/progetto-itoLUNGs/data/LungHist700/images/nor/nor_20x_68.jpg,0,normal
val,42,/home/guido/Development/ML/progetto-itoLUNGs/data/LungHist700/images/nor/nor_20x_69.jpg,0,normal
val,42,/home/guido/Development/ML/progetto-itoLUNGs/data/LungHist700/images/nor/nor_20x_70.jpg,0,normal
val,42,/home/guido/Development/ML/progetto-itoLUNGs/data/LungHist700/images/nor/nor_20x_71.jpg,0,normal
val,42,/home/guido/Development/ML/progetto-itoLUNGs/data/LungHist700/images/nor/nor_20x_72.jpg,0,normal
val,17,/home/guido/Development/ML/progetto-itoLUNGs/data/LungHist700/images/nor/nor_40x_100.jpg,0,normal
val,17,/home/guido/Development/ML/progetto-itoLUNGs/data/LungHist700/images/nor/nor_40x_101.jpg,0,normal
val,17,/home/guido/Development/ML/progetto-itoLUNGs/data/LungHist700/images/nor/nor_40x_80.jpg,0,normal
val,11,/home/guido/Development/ML/progetto-itoLUNGs/data/LungHist700/images/nor/nor_40x_81.jpg,0,normal
val,11,/home/guido/Development/ML/progetto-itoLUNGs/data/LungHist700/images/nor/nor_40x_82.jpg,0,normal
val,11,/home/guido/Development/ML/progetto-itoLUNGs/data/LungHist700/images/nor/nor_40x_83.jpg,0,normal
val,11,/home/guido/Development/ML/progetto-itoLUNGs/data/LungHist700/images/nor/nor_40x_84.jpg,0,normal
val,11,/home/guido/Development/ML/progetto-itoLUNGs/data/LungHist700/images/nor/nor_40x_85.jpg,0,normal
val,11,/home/guido/Development/ML/progetto-itoLUNGs/data/LungHist700/images/nor/nor_40x_86.jpg,0,normal
val,11,/home/guido/Development/ML/progetto-itoLUNGs/data/LungHist700/images/nor/nor_40x_87.jpg,0,normal
val,17,/home/guido/Development/ML/progetto-itoLUNGs/data/LungHist700/images/nor/nor_40x_88.jpg,0,normal
val,11,/home/guido/Development/ML/progetto-itoLUNGs/data/LungHist700/images/nor/nor_40x_89.jpg,0,normal
val,17,/home/guido/Development/ML/progetto-itoLUNGs/data/LungHist700/images/nor/nor_40x_95.jpg,0,normal
val,17,/home/guido/Development/ML/progetto-itoLUNGs/data/LungHist700/images/nor/nor_40x_96.jpg,0,normal
val,17,/home/guido/Development/ML/progetto-itoLUNGs/data/LungHist700/images/nor/nor_40x_97.jpg,0,normal
val,17,/home/guido/Development/ML/progetto-itoLUNGs/data/LungHist700/images/nor/nor_40x_98.jpg,0,normal
val,17,/home/guido/Development/ML/progetto-itoLUNGs/data/LungHist700/images/nor/nor_40x_99.jpg,0,normal
val,26,/home/guido/Development/ML/progetto-itoLUNGs/data/LungHist700/images/scc_bd/scc_bd_20x_42.jpg,1,scc
val,26,/home/guido/Development/ML/progetto-itoLUNGs/data/LungHist700/images/scc_bd/scc_bd_20x_43.jpg,1,scc
val,26,/home/guido/Development/ML/progetto-itoLUNGs/data/LungHist700/images/scc_bd/scc_bd_20x_44.jpg,1,scc
val,26,/home/guido/Development/ML/progetto-itoLUNGs/data/LungHist700/images/scc_bd/scc_bd_20x_45.jpg,1,scc
val,26,/home/guido/Development/ML/progetto-itoLUNGs/data/LungHist700/images/scc_bd/scc_bd_20x_46.jpg,1,scc
val,26,/home/guido/Development/ML/progetto-itoLUNGs/data/LungHist700/images/scc_bd/scc_bd_20x_47.jpg,1,scc
val,26,/home/guido/Development/ML/progetto-itoLUNGs/data/LungHist700/images/scc_bd/scc_bd_20x_48.jpg,1,scc
val,26,/home/guido/Development/ML/progetto-itoLUNGs/data/LungHist700/images/scc_bd/scc_bd_20x_49.jpg,1,scc
val,26,/home/guido/Development/ML/progetto-itoLUNGs/data/LungHist700/images/scc_bd/scc_bd_20x_5.jpg,1,scc
val,26,/home/guido/Development/ML/progetto-itoLUNGs/data/LungHist700/images/scc_bd/scc_bd_20x_50.jpg,1,scc
val,29,/home/guido/Development/ML/progetto-itoLUNGs/data/LungHist700/images/scc_bd/scc_bd_20x_83.jpg,1,scc
val,29,/home/guido/Development/ML/progetto-itoLUNGs/data/LungHist700/images/scc_bd/scc_bd_20x_84.jpg,1,scc
val,26,/home/guido/Development/ML/progetto-itoLUNGs/data/LungHist700/images/scc_bd/scc_bd_40x_10.jpg,1,scc
val,26,/home/guido/Development/ML/progetto-itoLUNGs/data/LungHist700/images/scc_bd/scc_bd_40x_42.jpg,1,scc
val,26,/home/guido/Development/ML/progetto-itoLUNGs/data/LungHist700/images/scc_bd/scc_bd_40x_43.jpg,1,scc
val,26,/home/guido/Development/ML/progetto-itoLUNGs/data/LungHist700/images/scc_bd/scc_bd_40x_44.jpg,1,scc
val,26,/home/guido/Development/ML/progetto-itoLUNGs/data/LungHist700/images/scc_bd/scc_bd_40x_45.jpg,1,scc
val,26,/home/guido/Development/ML/progetto-itoLUNGs/data/LungHist700/images/scc_bd/scc_bd_40x_46.jpg,1,scc
val,26,/home/guido/Development/ML/progetto-itoLUNGs/data/LungHist700/images/scc_bd/scc_bd_40x_47.jpg,1,scc
val,26,/home/guido/Development/ML/progetto-itoLUNGs/data/LungHist700/images/scc_bd/scc_bd_40x_48.jpg,1,scc
val,26,/home/guido/Development/ML/progetto-itoLUNGs/data/LungHist700/images/scc_bd/scc_bd_40x_49.jpg,1,scc
val,26,/home/guido/Development/ML/progetto-itoLUNGs/data/LungHist700/images/scc_bd/scc_bd_40x_50.jpg,1,scc
val,29,/home/guido/Development/ML/progetto-itoLUNGs/data/LungHist700/images/scc_bd/scc_bd_40x_80.jpg,1,scc
val,29,/home/guido/Development/ML/progetto-itoLUNGs/data/LungHist700/images/scc_bd/scc_bd_40x_81.jpg,1,scc
val,32,/home/guido/Development/ML/progetto-itoLUNGs/data/LungHist700/images/scc_md/scc_md_20x_51.jpg,1,scc
val,32,/home/guido/Development/ML/progetto-itoLUNGs/data/LungHist700/images/scc_md/scc_md_20x_52.jpg,1,scc
val,32,/home/guido/Development/ML/progetto-itoLUNGs/data/LungHist700/images/scc_md/scc_md_20x_53.jpg,1,scc
val,32,/home/guido/Development/ML/progetto-itoLUNGs/data/LungHist700/images/scc_md/scc_md_20x_54.jpg,1,scc
val,32,/home/guido/Development/ML/progetto-itoLUNGs/data/LungHist700/images/scc_md/scc_md_40x_52.jpg,1,scc
val,32,/home/guido/Development/ML/progetto-itoLUNGs/data/LungHist700/images/scc_md/scc_md_40x_53.jpg,1,scc
val,32,/home/guido/Development/ML/progetto-itoLUNGs/data/LungHist700/images/scc_md/scc_md_40x_54.jpg,1,scc
val,32,/home/guido/Development/ML/progetto-itoLUNGs/data/LungHist700/images/scc_md/scc_md_40x_55.jpg,1,scc
val,32,/home/guido/Development/ML/progetto-itoLUNGs/data/LungHist700/images/scc_md/scc_md_40x_6.jpg,1,scc
val,29,/home/guido/Development/ML/progetto-itoLUNGs/data/LungHist700/images/scc_md/scc_md_40x_72.jpg,1,scc
val,29,/home/guido/Development/ML/progetto-itoLUNGs/data/LungHist700/images/scc_md/scc_md_40x_73.jpg,1,scc
val,29,/home/guido/Development/ML/progetto-itoLUNGs/data/LungHist700/images/scc_md/scc_md_40x_74.jpg,1,scc
val,39,/home/guido/Development/ML/progetto-itoLUNGs/data/LungHist700/images/scc_pd/scc_pd_20x_31.jpg,1,scc
val,39,/home/guido/Development/ML/progetto-itoLUNGs/data/LungHist700/images/scc_pd/scc_pd_20x_32.jpg,1,scc
val,39,/home/guido/Development/ML/progetto-itoLUNGs/data/LungHist700/images/scc_pd/scc_pd_20x_33.jpg,1,scc
val,29,/home/guido/Development/ML/progetto-itoLUNGs/data/LungHist700/images/scc_pd/scc_pd_20x_401.jpg,1,scc
val,29,/home/guido/Development/ML/progetto-itoLUNGs/data/LungHist700/images/scc_pd/scc_pd_20x_402.jpg,1,scc
val,29,/home/guido/Development/ML/progetto-itoLUNGs/data/LungHist700/images/scc_pd/scc_pd_20x_403.jpg,1,scc
val,29,/home/guido/Development/ML/progetto-itoLUNGs/data/LungHist700/images/scc_pd/scc_pd_20x_404.jpg,1,scc
val,29,/home/guido/Development/ML/progetto-itoLUNGs/data/LungHist700/images/scc_pd/scc_pd_20x_405.jpg,1,scc
val,29,/home/guido/Development/ML/progetto-itoLUNGs/data/LungHist700/images/scc_pd/scc_pd_20x_50.jpg,1,scc
val,29,/home/guido/Development/ML/progetto-itoLUNGs/data/LungHist700/images/scc_pd/scc_pd_20x_51.jpg,1,scc
val,29,/home/guido/Development/ML/progetto-itoLUNGs/data/LungHist700/images/scc_pd/scc_pd_20x_52.jpg,1,scc
val,29,/home/guido/Development/ML/progetto-itoLUNGs/data/LungHist700/images/scc_pd/scc_pd_20x_53.jpg,1,scc
val,29,/home/guido/Development/ML/progetto-itoLUNGs/data/LungHist700/images/scc_pd/scc_pd_20x_54.jpg,1,scc
val,29,/home/guido/Development/ML/progetto-itoLUNGs/data/LungHist700/images/scc_pd/scc_pd_20x_55.jpg,1,scc
val,29,/home/guido/Development/ML/progetto-itoLUNGs/data/LungHist700/images/scc_pd/scc_pd_20x_56.jpg,1,scc
val,29,/home/guido/Development/ML/progetto-itoLUNGs/data/LungHist700/images/scc_pd/scc_pd_20x_57.jpg,1,scc
val,29,/home/guido/Development/ML/progetto-itoLUNGs/data/LungHist700/images/scc_pd/scc_pd_20x_58.jpg,1,scc
val,29,/home/guido/Development/ML/progetto-itoLUNGs/data/LungHist700/images/scc_pd/scc_pd_20x_59.jpg,1,scc
val,29,/home/guido/Development/ML/progetto-itoLUNGs/data/LungHist700/images/scc_pd/scc_pd_20x_60.jpg,1,scc
val,29,/home/guido/Development/ML/progetto-itoLUNGs/data/LungHist700/images/scc_pd/scc_pd_20x_61.jpg,1,scc
val,29,/home/guido/Development/ML/progetto-itoLUNGs/data/LungHist700/images/scc_pd/scc_pd_40x_401.jpg,1,scc
val,29,/home/guido/Development/ML/progetto-itoLUNGs/data/LungHist700/images/scc_pd/scc_pd_40x_402.jpg,1,scc
val,29,/home/guido/Development/ML/progetto-itoLUNGs/data/LungHist700/images/scc_pd/scc_pd_40x_403.jpg,1,scc
val,29,/home/guido/Development/ML/progetto-itoLUNGs/data/LungHist700/images/scc_pd/scc_pd_40x_404.jpg,1,scc
val,29,/home/guido/Development/ML/progetto-itoLUNGs/data/LungHist700/images/scc_pd/scc_pd_40x_405.jpg,1,scc
val,29,/home/guido/Development/ML/progetto-itoLUNGs/data/LungHist700/images/scc_pd/scc_pd_40x_60.jpg,1,scc
val,29,/home/guido/Development/ML/progetto-itoLUNGs/data/LungHist700/images/scc_pd/scc_pd_40x_61.jpg,1,scc
