split,case_id,image_path,label,subtype,magnification
train,00/634,/home/guido/Development/ML/progetto-itoLUNGs/data/neo/pap_451_20x.jpg,1,pap,20x
train,00/634,/home/guido/Development/ML/progetto-itoLUNGs/data/neo/pap_452_20x.jpg,1,pap,20x
train,00/634,/home/guido/Development/ML/progetto-itoLUNGs/data/neo/pap_453_20x.jpg,1,pap,20x
train,00/634,/home/guido/Development/ML/progetto-itoLUNGs/data/neo/pap_454_20x.jpg,1,pap,20x
train,00/634,/home/guido/Development/ML/progetto-itoLUNGs/data/neo/pap_455_20x.jpg,1,pap,20x
train,00/634,/home/guido/Development/ML/progetto-itoLUNGs/data/neo/pap_456_40x.jpg,1,pap,40x
train,00/634,/home/guido/Development/ML/progetto-itoLUNGs/data/neo/pap_457_40x.jpg,1,pap,40x
train,00/634,/home/guido/Development/ML/progetto-itoLUNGs/data/neo/pap_458_40x.jpg,1,pap,40x
train,00/634,/home/guido/Development/ML/progetto-itoLUNGs/data/neo/pap_459_40x.jpg,1,pap,40x
train,00/634,/home/guido/Development/ML/progetto-itoLUNGs/data/neo/pap_460_40x.jpg,1,pap,40x
train,00/634,/home/guido/Development/ML/progetto-itoLUNGs/data/nn/nn_441_20x.jpg,0,normal,20x
train,00/634,/home/guido/Development/ML/progetto-itoLUNGs/data/nn/nn_442_20x.jpg,0,normal,20x
train,00/634,/home/guido/Development/ML/progetto-itoLUNGs/data/nn/nn_443_20x.jpg,0,normal,20x
train,00/634,/home/guido/Development/ML/progetto-itoLUNGs/data/nn/nn_444_20x.jpg,0,normal,20x
train,00/634,/home/guido/Development/ML/progetto-itoLUNGs/data/nn/nn_445_20x.jpg,0,normal,20x
train,00/634,/home/guido/Development/ML/progetto-itoLUNGs/data/nn/nn_446_40x.jpg,0,normal,40x
train,00/634,/home/guido/Development/ML/progetto-itoLUNGs/data/nn/nn_447_40x.jpg,0,normal,40x
train,00/634,/home/guido/Development/ML/progetto-itoLUNGs/data/nn/nn_448_40x.jpg,0,normal,40x
train,00/634,/home/guido/Development/ML/progetto-itoLUNGs/data/nn/nn_449_40x.jpg,0,normal,40x
train,00/634,/home/guido/Development/ML/progetto-itoLUNGs/data/nn/nn_450_40x.jpg,0,normal,40x
train,02/1287,/home/guido/Development/ML/progetto-itoLUNGs/data/neo/pap_911_20x.jpg,1,pap,20x
train,02/1287,/home/guido/Development/ML/progetto-itoLUNGs/data/neo/pap_912_20x.jpg,1,pap,20x
train,02/1287,/home/guido/Development/ML/progetto-itoLUNGs/data/neo/pap_913_20x.jpg,1,pap,20x
train,02/1287,/home/guido/Development/ML/progetto-itoLUNGs/data/neo/pap_914_20x.jpg,1,pap,20x
train,02/1287,/home/guido/Development/ML/progetto-itoLUNGs/data/neo/pap_915_20x.jpg,1,pap,20x
train,02/1287,/home/guido/Development/ML/progetto-itoLUNGs/data/neo/pap_916_40x.jpg,1,pap,40x
train,02/1287,/home/guido/Development/ML/progetto-itoLUNGs/data/neo/pap_917_40x.jpg,1,pap,40x
train,02/1287,/home/guido/Development/ML/progetto-itoLUNGs/data/neo/pap_918_40x.jpg,1,pap,40x
train,02/1287,/home/guido/Development/ML/progetto-itoLUNGs/data/neo/pap_919_40x.jpg,1,pap,40x
train,02/1287,/home/guido/Development/ML/progetto-itoLUNGs/data/neo/pap_920_40x.jpg,1,pap,40x
train,02/1287,/home/guido/Development/ML/progetto-itoLUNGs/data/nn/nn_901_20x.jpg,0,normal,20x
train,02/1287,/home/guido/Development/ML/progetto-itoLUNGs/data/nn/nn_902_20x.jpg,0,normal,20x
train,02/1287,/home/guido/Development/ML/progetto-itoLUNGs/data/nn/nn_903_20x.jpg,0,normal,20x
train,02/1287,/home/guido/Development/ML/progetto-itoLUNGs/data/nn/nn_904_20x.jpg,0,normal,20x
train,02/1287,/home/guido/Development/ML/progetto-itoLUNGs/data/nn/nn_905_20x.jpg,0,normal,20x
train,02/1287,/home/guido/Development/ML/progetto-itoLUNGs/data/nn/nn_906_40x.jpg,0,normal,40x
train,02/1287,/home/guido/Development/ML/progetto-itoLUNGs/data/nn/nn_907_40x.jpg,0,normal,40x
train,02/1287,/home/guido/Development/ML/progetto-itoLUNGs/data/nn/nn_908_40x.jpg,0,normal,40x
train,02/1287,/home/guido/Development/ML/progetto-itoLUNGs/data/nn/nn_909_40x.jpg,0,normal,40x
train,02/1287,/home/guido/Development/ML/progetto-itoLUNGs/data/nn/nn_910_40x.jpg,0,normal,40x
train,03/561,/home/guido/Development/ML/progetto-itoLUNGs/data/neo/sol_971_20x.jpg,1,sol,20x
train,03/561,/home/guido/Development/ML/progetto-itoLUNGs/data/neo/sol_972_20x.jpg,1,sol,20x
train,03/561,/home/guido/Development/ML/progetto-itoLUNGs/data/neo/sol_973_20x.jpg,1,sol,20x
train,03/561,/home/guido/Development/ML/progetto-itoLUNGs/data/neo/sol_974_20x.jpg,1,sol,20x
train,03/561,/home/guido/Development/ML/progetto-itoLUNGs/data/neo/sol_975_20x.jpg,1,sol,20x
train,03/561,/home/guido/Development/ML/progetto-itoLUNGs/data/neo/sol_976_40x.jpg,1,sol,40x
train,03/561,/home/guido/Development/ML/progetto-itoLUNGs/data/neo/sol_977_40x.jpg,1,sol,40x
train,03/561,/home/guido/Development/ML/progetto-itoLUNGs/data/neo/sol_978_40x.jpg,1,sol,40x
train,03/561,/home/guido/Development/ML/progetto-itoLUNGs/data/neo/sol_979_40x.jpg,1,sol,40x
train,03/561,/home/guido/Development/ML/progetto-itoLUNGs/data/neo/sol_980_40x.jpg,1,sol,40x
train,03/561,/home/guido/Development/ML/progetto-itoLUNGs/data/nn/nn_961_20x.jpg,0,normal,20x
train,03/561,/home/guido/Development/ML/progetto-itoLUNGs/data/nn/nn_962_20x.jpg,0,normal,20x
train,03/561,/home/guido/Development/ML/progetto-itoLUNGs/data/nn/nn_963_20x.jpg,0,normal,20x
train,03/561,/home/guido/Development/ML/progetto-itoLUNGs/data/nn/nn_964_20x.jpg,0,normal,20x
train,03/561,/home/guido/Development/ML/progetto-itoLUNGs/data/nn/nn_965_20x.jpg,0,normal,20x
train,03/561,/home/guido/Development/ML/progetto-itoLUNGs/data/nn/nn_966_40x.jpg,0,normal,40x
train,03/561,/home/guido/Development/ML/progetto-itoLUNGs/data/nn/nn_967_40x.jpg,0,normal,40x
train,03/561,/home/guido/Development/ML/progetto-itoLUNGs/data/nn/nn_968_40x.jpg,0,normal,40x
train,03/561,/home/guido/Development/ML/progetto-itoLUNGs/data/nn/nn_969_40x.jpg,0,normal,40x
train,03/561,/home/guido/Development/ML/progetto-itoLUNGs/data/nn/nn_970_40x.jpg,0,normal,40x
train,04/392,/home/guido/Development/ML/progetto-itoLUNGs/data/neo/pap_611_20x.jpg,1,pap,20x
train,04/392,/home/guido/Development/ML/progetto-itoLUNGs/data/neo/pap_612_20x.jpg,1,pap,20x
train,04/392,/home/guido/Development/ML/progetto-itoLUNGs/data/neo/pap_613_20x.jpg,1,pap,20x
train,04/392,/home/guido/Development/ML/progetto-itoLUNGs/data/neo/pap_614_20x.jpg,1,pap,20x
train,04/392,/home/guido/Development/ML/progetto-itoLUNGs/data/neo/pap_615_20x.jpg,1,pap,20x
train,04/392,/home/guido/Development/ML/progetto-itoLUNGs/data/neo/pap_616_40x.jpg,1,pap,40x
train,04/392,/home/guido/Development/ML/progetto-itoLUNGs/data/neo/pap_617_40x.jpg,1,pap,40x
train,04/392,/home/guido/Development/ML/progetto-itoLUNGs/data/neo/pap_618_40x.jpg,1,pap,40x
train,04/392,/home/guido/Development/ML/progetto-itoLUNGs/data/neo/pap_619_40x.jpg,1,pap,40x
train,04/392,/home/guido/Development/ML/progetto-itoLUNGs/data/neo/pap_620_40x.jpg,1,pap,40x
train,04/392,/home/guido/Development/ML/progetto-itoLUNGs/data/nn/nn_601_20x.jpg,0,normal,20x
train,04/392,/home/guido/Development/ML/progetto-itoLUNGs/data/nn/nn_602_20x.jpg,0,normal,20x
train,04/392,/home/guido/Development/ML/progetto-itoLUNGs/data/nn/nn_603_20x.jpg,0,normal,20x
train,04/392,/home/guido/Development/ML/progetto-itoLUNGs/data/nn/nn_604_20x.jpg,0,normal,20x
train,04/392,/home/guido/Development/ML/progetto-itoLUNGs/data/nn/nn_605_20x.jpg,0,normal,20x
train,04/392,/home/guido/Development/ML/progetto-itoLUNGs/data/nn/nn_606_40x.jpg,0,normal,40x
train,04/392,/home/guido/Development/ML/progetto-itoLUNGs/data/nn/nn_607_40x.jpg,0,normal,40x
train,04/392,/home/guido/Development/ML/progetto-itoLUNGs/data/nn/nn_608_40x.jpg,0,normal,40x
train,04/392,/home/guido/Development/ML/progetto-itoLUNGs/data/nn/nn_609_40x.jpg,0,normal,40x
train,04/392,/home/guido/Development/ML/progetto-itoLUNGs/data/nn/nn_610_40x.jpg,0,normal,40x
train,05/318,/home/guido/Development/ML/progetto-itoLUNGs/data/neo/squam_1000_40x.jpg,1,squam,40x
train,05/318,/home/guido/Development/ML/progetto-itoLUNGs/data/neo/squam_991_20x.jpg,1,squam,20x
train,05/318,/home/guido/Development/ML/progetto-itoLUNGs/data/neo/squam_992_20x.jpg,1,squam,20x
train,05/318,/home/guido/Development/ML/progetto-itoLUNGs/data/neo/squam_993_20x.jpg,1,squam,20x
train,05/318,/home/guido/Development/ML/progetto-itoLUNGs/data/neo/squam_994_20x.jpg,1,squam,20x
train,05/318,/home/guido/Development/ML/progetto-itoLUNGs/data/neo/squam_995_20x.jpg,1,squam,20x
train,05/318,/home/guido/Development/ML/progetto-itoLUNGs/data/neo/squam_996_40x.jpg,1,squam,40x
train,05/318,/home/guido/Development/ML/progetto-itoLUNGs/data/neo/squam_997_40x.jpg,1,squam,40x
train,05/318,/home/guido/Development/ML/progetto-itoLUNGs/data/neo/squam_998_40x.jpg,1,squam,40x
train,05/318,/home/guido/Development/ML/progetto-itoLUNGs/data/neo/squam_999_40x.jpg,1,squam,40x
train,05/318,/home/guido/Development/ML/progetto-itoLUNGs/data/nn/nn_981_20x.jpg,0,normal,20x
train,05/318,/home/guido/Development/ML/progetto-itoLUNGs/data/nn/nn_983_20x.jpg,0,normal,20x
train,05/318,/home/guido/Development/ML/progetto-itoLUNGs/data/nn/nn_984_20x.jpg,0,normal,20x
train,05/318,/home/guido/Development/ML/progetto-itoLUNGs/data/nn/nn_985_20x.jpg,0,normal,20x
train,05/318,/home/guido/Development/ML/progetto-itoLUNGs/data/nn/nn_986_40x.jpg,0,normal,40x
train,05/318,/home/guido/Development/ML/progetto-itoLUNGs/data/nn/nn_987_40x.jpg,0,normal,40x
train,05/318,/home/guido/Development/ML/progetto-itoLUNGs/data/nn/nn_988_40x.jpg,0,normal,40x
train,05/318,/home/guido/Development/ML/progetto-itoLUNGs/data/nn/nn_989_40x.jpg,0,normal,40x
train,05/318,/home/guido/Development/ML/progetto-itoLUNGs/data/nn/nn_990_40x.jpg,0,normal,40x
train,06/586,/home/guido/Development/ML/progetto-itoLUNGs/data/neo/acin_831_20x.jpg,1,acin,20x
train,06/586,/home/guido/Development/ML/progetto-itoLUNGs/data/neo/acin_832_20x.jpg,1,acin,20x
train,06/586,/home/guido/Development/ML/progetto-itoLUNGs/data/neo/acin_833_20x.jpg,1,acin,20x
train,06/586,/home/guido/Development/ML/progetto-itoLUNGs/data/neo/acin_834_20x.jpg,1,acin,20x
train,06/586,/home/guido/Development/ML/progetto-itoLUNGs/data/neo/acin_835_20x.jpg,1,acin,20x
train,06/586,/home/guido/Development/ML/progetto-itoLUNGs/data/neo/acin_836_40x.jpg,1,acin,40x
train,06/586,/home/guido/Development/ML/progetto-itoLUNGs/data/neo/acin_837_40x.jpg,1,acin,40x
train,06/586,/home/guido/Development/ML/progetto-itoLUNGs/data/neo/acin_838_40x.jpg,1,acin,40x
train,06/586,/home/guido/Development/ML/progetto-itoLUNGs/data/neo/acin_839_40x.jpg,1,acin,40x
train,06/586,/home/guido/Development/ML/progetto-itoLUNGs/data/neo/acin_840_40x.jpg,1,acin,40x
train,06/586,/home/guido/Development/ML/progetto-itoLUNGs/data/nn/nn_821_20x.jpg,0,normal,20x
train,06/586,/home/guido/Development/ML/progetto-itoLUNGs/data/nn/nn_822_20x.jpg,0,normal,20x
train,06/586,/home/guido/Development/ML/progetto-itoLUNGs/data/nn/nn_823_20x.jpg,0,normal,20x
train,06/586,/home/guido/Development/ML/progetto-itoLUNGs/data/nn/nn_824_20x.jpg,0,normal,20x
train,06/586,/home/guido/Development/ML/progetto-itoLUNGs/data/nn/nn_825_20x.jpg,0,normal,20x
train,06/586,/home/guido/Development/ML/progetto-itoLUNGs/data/nn/nn_826_40x.jpg,0,normal,40x
train,06/586,/home/guido/Development/ML/progetto-itoLUNGs/data/nn/nn_827_40x.jpg,0,normal,40x
train,06/586,/home/guido/Development/ML/progetto-itoLUNGs/data/nn/nn_828_40x.jpg,0,normal,40x
train,06/586,/home/guido/Development/ML/progetto-itoLUNGs/data/nn/nn_829_40x.jpg,0,normal,40x
train,06/586,/home/guido/Development/ML/progetto-itoLUNGs/data/nn/nn_830_40x.jpg,0,normal,40x
train,07/714,/home/guido/Development/ML/progetto-itoLUNGs/data/neo/acin_671_20x.jpg,1,acin,20x
train,07/714,/home/guido/Development/ML/progetto-itoLUNGs/data/neo/acin_672_20x.jpg,1,acin,20x
train,07/714,/home/guido/Development/ML/progetto-itoLUNGs/data/neo/acin_673_20x.jpg,1,acin,20x
train,07/714,/home/guido/Development/ML/progetto-itoLUNGs/data/neo/acin_674_20x.jpg,1,acin,20x
train,07/714,/home/guido/Development/ML/progetto-itoLUNGs/data/neo/acin_675_20x.jpg,1,acin,20x
train,07/714,/home/guido/Development/ML/progetto-itoLUNGs/data/neo/acin_676_40x.jpg,1,acin,40x
train,07/714,/home/guido/Development/ML/progetto-itoLUNGs/data/neo/acin_677_40x.jpg,1,acin,40x
train,07/714,/home/guido/Development/ML/progetto-itoLUNGs/data/neo/acin_678_40x.jpg,1,acin,40x
train,07/714,/home/guido/Development/ML/progetto-itoLUNGs/data/neo/acin_679_40x.jpg,1,acin,40x
train,07/714,/home/guido/Development/ML/progetto-itoLUNGs/data/neo/acin_680_40x.jpg,1,acin,40x
train,07/714,/home/guido/Development/ML/progetto-itoLUNGs/data/nn/nn_661_20x.jpg,0,normal,20x
train,07/714,/home/guido/Development/ML/progetto-itoLUNGs/data/nn/nn_662_20x.jpg,0,normal,20x
train,07/714,/home/guido/Development/ML/progetto-itoLUNGs/data/nn/nn_663_20x.jpg,0,normal,20x
train,07/714,/home/guido/Development/ML/progetto-itoLUNGs/data/nn/nn_664_20x.jpg,0,normal,20x
train,07/714,/home/guido/Development/ML/progetto-itoLUNGs/data/nn/nn_665_20x.jpg,0,normal,20x
train,07/714,/home/guido/Development/ML/progetto-itoLUNGs/data/nn/nn_666_40x.jpg,0,normal,40x
train,07/714,/home/guido/Development/ML/progetto-itoLUNGs/data/nn/nn_667_40x.jpg,0,normal,40x
train,07/714,/home/guido/Development/ML/progetto-itoLUNGs/data/nn/nn_668_40x.jpg,0,normal,40x
train,07/714,/home/guido/Development/ML/progetto-itoLUNGs/data/nn/nn_669_40x.jpg,0,normal,40x
train,07/714,/home/guido/Development/ML/progetto-itoLUNGs/data/nn/nn_670_40x.jpg,0,normal,40x
train,08/0045,/home/guido/Development/ML/progetto-itoLUNGs/data/neo/pap_511_20x.jpg,1,pap,20x
train,08/0045,/home/guido/Development/ML/progetto-itoLUNGs/data/neo/pap_512_20x.jpg,1,pap,20x
train,08/0045,/home/guido/Development/ML/progetto-itoLUNGs/data/neo/pap_513_20x.jpg,1,pap,20x
train,08/0045,/home/guido/Development/ML/progetto-itoLUNGs/data/neo/pap_514_20x.jpg,1,pap,20x
train,08/0045,/home/guido/Development/ML/progetto-itoLUNGs/data/neo/pap_515_20x.jpg,1,pap,20x
train,08/0045,/home/guido/Development/ML/progetto-itoLUNGs/data/neo/pap_516_40x.jpg,1,pap,40x
train,08/0045,/home/guido/Development/ML/progetto-itoLUNGs/data/neo/pap_517_40x.jpg,1,pap,40x
train,08/0045,/home/guido/Development/ML/progetto-itoLUNGs/data/neo/pap_518_40x.jpg,1,pap,40x
train,08/0045,/home/guido/Development/ML/progetto-itoLUNGs/data/neo/pap_519_40x.jpg,1,pap,40x
train,08/0045,/home/guido/Development/ML/progetto-itoLUNGs/data/neo/pap_520_40x.jpg,1,pap,40x
train,08/0045,/home/guido/Development/ML/progetto-itoLUNGs/data/nn/nn_501_20x.jpg,0,normal,20x
train,08/0045,/home/guido/Development/ML/progetto-itoLUNGs/data/nn/nn_502_20x.jpg,0,normal,20x
train,08/0045,/home/guido/Development/ML/progetto-itoLUNGs/data/nn/nn_503_20x.jpg,0,normal,20x
train,08/0045,/home/guido/Development/ML/progetto-itoLUNGs/data/nn/nn_504_20x.jpg,0,normal,20x
train,08/0045,/home/guido/Development/ML/progetto-itoLUNGs/data/nn/nn_505_20x.jpg,0,normal,20x
train,08/0045,/home/guido/Development/ML/progetto-itoLUNGs/data/nn/nn_506_40x.jpg,0,normal,40x
train,08/0045,/home/guido/Development/ML/progetto-itoLUNGs/data/nn/nn_507_40x.jpg,0,normal,40x
train,08/0045,/home/guido/Development/ML/progetto-itoLUNGs/data/nn/nn_508_40x.jpg,0,normal,40x
train,08/0045,/home/guido/Development/ML/progetto-itoLUNGs/data/nn/nn_509_40x.jpg,0,normal,40x
train,08/0045,/home/guido/Development/ML/progetto-itoLUNGs/data/nn/nn_510_40x.jpg,0,normal,40x
train,10/125,/home/guido/Development/ML/progetto-itoLUNGs/data/neo/micropap_551_20x.jpg,1,micropap,20x
train,10/125,/home/guido/Development/ML/progetto-itoLUNGs/data/neo/micropap_552_20x.jpg,1,micropap,20x
train,10/125,/home/guido/Development/ML/progetto-itoLUNGs/data/neo/micropap_553_20x.jpg,1,micropap,20x
train,10/125,/home/guido/Development/ML/progetto-itoLUNGs/data/neo/micropap_554_20x.jpg,1,micropap,20x
train,10/125,/home/guido/Development/ML/progetto-itoLUNGs/data/neo/micropap_555_20x.jpg,1,micropap,20x
train,10/125,/home/guido/Development/ML/progetto-itoLUNGs/data/neo/micropap_556_40x.jpg,1,micropap,40x
train,10/125,/home/guido/Development/ML/progetto-itoLUNGs/data/neo/micropap_557_40x.jpg,1,micropap,40x
train,10/125,/home/guido/Development/ML/progetto-itoLUNGs/data/neo/micropap_558_40x.jpg,1,micropap,40x
train,10/125,/home/guido/Development/ML/progetto-itoLUNGs/data/neo/micropap_559_40x.jpg,1,micropap,40x
train,10/125,/home/guido/Development/ML/progetto-itoLUNGs/data/neo/micropap_560_40x.jpg,1,micropap,40x
train,10/125,/home/guido/Development/ML/progetto-itoLUNGs/data/nn/nn_541_20x.jpg,0,normal,20x
train,10/125,/home/guido/Development/ML/progetto-itoLUNGs/data/nn/nn_542_20x.jpg,0,normal,20x
train,10/125,/home/guido/Development/ML/progetto-itoLUNGs/data/nn/nn_543_20x.jpg,0,normal,20x
train,10/125,/home/guido/Development/ML/progetto-itoLUNGs/data/nn/nn_544_20x.jpg,0,normal,20x
train,10/125,/home/guido/Development/ML/progetto-itoLUNGs/data/nn/nn_545_20x.jpg,0,normal,20x
train,10/125,/home/guido/Development/ML/progetto-itoLUNGs/data/nn/nn_546_40x.jpg,0,normal,40x
train,10/125,/home/guido/Development/ML/progetto-itoLUNGs/data/nn/nn_547_40x.jpg,0,normal,40x
train,10/125,/home/guido/Development/ML/progetto-itoLUNGs/data/nn/nn_548_40x.jpg,0,normal,40x
train,10/125,/home/guido/Development/ML/progetto-itoLUNGs/data/nn/nn_549_40x.jpg,0,normal,40x
train,10/125,/home/guido/Development/ML/progetto-itoLUNGs/data/nn/nn_550_40x.jpg,0,normal,40x
train,11/504,/home/guido/Development/ML/progetto-itoLUNGs/data/neo/pap_811_20x.jpg,1,pap,20x
train,11/504,/home/guido/Development/ML/progetto-itoLUNGs/data/neo/pap_812_20x.jpg,1,pap,20x
train,11/504,/home/guido/Development/ML/progetto-itoLUNGs/data/neo/pap_813_20x.jpg,1,pap,20x
train,11/504,/home/guido/Development/ML/progetto-itoLUNGs/data/neo/pap_814_20x.jpg,1,pap,20x
train,11/504,/home/guido/Development/ML/progetto-itoLUNGs/data/neo/pap_815_20x.jpg,1,pap,20x
train,11/504,/home/guido/Development/ML/progetto-itoLUNGs/data/neo/pap_816_40x.jpg,1,pap,40x
train,11/504,/home/guido/Development/ML/progetto-itoLUNGs/data/neo/pap_817_40x.jpg,1,pap,40x
train,11/504,/home/guido/Development/ML/progetto-itoLUNGs/data/neo/pap_818_40x.jpg,1,pap,40x
train,11/504,/home/guido/Development/ML/progetto-itoLUNGs/data/neo/pap_819_40x.jpg,1,pap,40x
train,11/504,/home/guido/Development/ML/progetto-itoLUNGs/data/neo/pap_820_40x.jpg,1,pap,40x
train,11/504,/home/guido/Development/ML/progetto-itoLUNGs/data/nn/nn_801_20x.jpg,0,normal,20x
train,11/504,/home/guido/Development/ML/progetto-itoLUNGs/data/nn/nn_802_20x.jpg,0,normal,20x
train,11/504,/home/guido/Development/ML/progetto-itoLUNGs/data/nn/nn_803_20x.jpg,0,normal,20x
train,11/504,/home/guido/Development/ML/progetto-itoLUNGs/data/nn/nn_804_20x.jpg,0,normal,20x
train,11/504,/home/guido/Development/ML/progetto-itoLUNGs/data/nn/nn_805_20x.jpg,0,normal,20x
train,11/504,/home/guido/Development/ML/progetto-itoLUNGs/data/nn/nn_806_40x.jpg,0,normal,40x
train,11/504,/home/guido/Development/ML/progetto-itoLUNGs/data/nn/nn_807_40x.jpg,0,normal,40x
train,11/504,/home/guido/Development/ML/progetto-itoLUNGs/data/nn/nn_808_40x.jpg,0,normal,40x
train,11/504,/home/guido/Development/ML/progetto-itoLUNGs/data/nn/nn_809_40x.jpg,0,normal,40x
train,11/504,/home/guido/Development/ML/progetto-itoLUNGs/data/nn/nn_810_40x.jpg,0,normal,40x
train,13/0294,/home/guido/Development/ML/progetto-itoLUNGs/data/neo/acin_491_20x.jpg,1,acin,20x
train,13/0294,/home/guido/Development/ML/progetto-itoLUNGs/data/neo/acin_492_20x.jpg,1,acin,20x
train,13/0294,/home/guido/Development/ML/progetto-itoLUNGs/data/neo/acin_493_20x.jpg,1,acin,20x
train,13/0294,/home/guido/Development/ML/progetto-itoLUNGs/data/neo/acin_494_20x.jpg,1,acin,20x
train,13/0294,/home/guido/Development/ML/progetto-itoLUNGs/data/neo/acin_495_20x.jpg,1,acin,20x
train,13/0294,/home/guido/Development/ML/progetto-itoLUNGs/data/neo/acin_496_40x.jpg,1,acin,40x
train,13/0294,/home/guido/Development/ML/progetto-itoLUNGs/data/neo/acin_497_40x.jpg,1,acin,40x
train,13/0294,/home/guido/Development/ML/progetto-itoLUNGs/data/neo/acin_498_40x.jpg,1,acin,40x
train,13/0294,/home/guido/Development/ML/progetto-itoLUNGs/data/neo/acin_499_40x.jpg,1,acin,40x
train,13/0294,/home/guido/Development/ML/progetto-itoLUNGs/data/neo/acin_500_40x.jpg,1,acin,40x
train,13/0294,/home/guido/Development/ML/progetto-itoLUNGs/data/nn/nn_481_20x.jpg,0,normal,20x
train,13/0294,/home/guido/Development/ML/progetto-itoLUNGs/data/nn/nn_482_20x.jpg,0,normal,20x
train,13/0294,/home/guido/Development/ML/progetto-itoLUNGs/data/nn/nn_483_20x.jpg,0,normal,20x
train,13/0294,/home/guido/Development/ML/progetto-itoLUNGs/data/nn/nn_484_20x.jpg,0,normal,20x
train,13/0294,/home/guido/Development/ML/progetto-itoLUNGs/data/nn/nn_485_20x.jpg,0,normal,20x
train,13/0294,/home/guido/Development/ML/progetto-itoLUNGs/data/nn/nn_486_40x.jpg,0,normal,40x
train,13/0294,/home/guido/Development/ML/progetto-itoLUNGs/data/nn/nn_487_40x.jpg,0,normal,40x
train,13/0294,/home/guido/Development/ML/progetto-itoLUNGs/data/nn/nn_488_40x.jpg,0,normal,40x
train,13/0294,/home/guido/Development/ML/progetto-itoLUNGs/data/nn/nn_489_40x.jpg,0,normal,40x
train,13/0294,/home/guido/Development/ML/progetto-itoLUNGs/data/nn/nn_490_40x.jpg,0,normal,40x
train,13/432,/home/guido/Development/ML/progetto-itoLUNGs/data/neo/pap_71_20x.jpg,1,pap,20x
train,13/432,/home/guido/Development/ML/progetto-itoLUNGs/data/neo/pap_72_20x.jpg,1,pap,20x
train,13/432,/home/guido/Development/ML/progetto-itoLUNGs/data/neo/pap_73_20x.jpg,1,pap,20x
train,13/432,/home/guido/Development/ML/progetto-itoLUNGs/data/neo/pap_74_20x.jpg,1,pap,20x
train,13/432,/home/guido/Development/ML/progetto-itoLUNGs/data/neo/pap_75_20x.jpg,1,pap,20x
train,13/432,/home/guido/Development/ML/progetto-itoLUNGs/data/neo/pap_76_40x.jpg,1,pap,40x
train,13/432,/home/guido/Development/ML/progetto-itoLUNGs/data/neo/pap_77_40x.jpg,1,pap,40x
train,13/432,/home/guido/Development/ML/progetto-itoLUNGs/data/neo/pap_78_40x.jpg,1,pap,40x
train,13/432,/home/guido/Development/ML/progetto-itoLUNGs/data/neo/pap_79_40x.jpg,1,pap,40x
train,13/432,/home/guido/Development/ML/progetto-itoLUNGs/data/neo/pap_80_40x.jpg,1,pap,40x
train,13/432,/home/guido/Development/ML/progetto-itoLUNGs/data/nn/nn_61_20x.jpg,0,normal,20x
train,13/432,/home/guido/Development/ML/progetto-itoLUNGs/data/nn/nn_62_20x.jpg,0,normal,20x
train,13/432,/home/guido/Development/ML/progetto-itoLUNGs/data/nn/nn_63_20x.jpg,0,normal,20x
train,13/432,/home/guido/Development/ML/progetto-itoLUNGs/data/nn/nn_64_20x.jpg,0,normal,20x
train,13/432,/home/guido/Development/ML/progetto-itoLUNGs/data/nn/nn_65_20x.jpg,0,normal,20x
train,13/432,/home/guido/Development/ML/progetto-itoLUNGs/data/nn/nn_70_40x.jpg,0,normal,40x
train,14/600,/home/guido/Development/ML/progetto-itoLUNGs/data/neo/pap_871_20x.jpg,1,pap,20x
train,14/600,/home/guido/Development/ML/progetto-itoLUNGs/data/neo/pap_872_20x.jpg,1,pap,20x
train,14/600,/home/guido/Development/ML/progetto-itoLUNGs/data/neo/pap_873_20x.jpg,1,pap,20x
train,14/600,/home/guido/Development/ML/progetto-itoLUNGs/data/neo/pap_874_20x.jpg,1,pap,20x
train,14/600,/home/guido/Development/ML/progetto-itoLUNGs/data/neo/pap_875_20x.jpg,1,pap,20x
train,14/600,/home/guido/Development/ML/progetto-itoLUNGs/data/neo/pap_876_40x.jpg,1,pap,40x
train,14/600,/home/guido/Development/ML/progetto-itoLUNGs/data/neo/pap_877_40x.jpg,1,pap,40x
train,14/600,/home/guido/Development/ML/progetto-itoLUNGs/data/neo/pap_878_40x.jpg,1,pap,40x
train,14/600,/home/guido/Development/ML/progetto-itoLUNGs/data/neo/pap_879_40x.jpg,1,pap,40x
train,14/600,/home/guido/Development/ML/progetto-itoLUNGs/data/neo/pap_880_40x.jpg,1,pap,40x
train,14/600,/home/guido/Development/ML/progetto-itoLUNGs/data/nn/nn_861_20x.jpg,0,normal,20x
train,14/600,/home/guido/Development/ML/progetto-itoLUNGs/data/nn/nn_862_20x.jpg,0,normal,20x
train,14/600,/home/guido/Development/ML/progetto-itoLUNGs/data/nn/nn_863_20x.jpg,0,normal,20x
train,14/600,/home/guido/Development/ML/progetto-itoLUNGs/data/nn/nn_864_20x.jpg,0,normal,20x
train,14/600,/home/guido/Development/ML/progetto-itoLUNGs/data/nn/nn_865_20x.jpg,0,normal,20x
train,14/600,/home/guido/Development/ML/progetto-itoLUNGs/data/nn/nn_866_40x.jpg,0,normal,40x
train,14/600,/home/guido/Development/ML/progetto-itoLUNGs/data/nn/nn_867_40x.jpg,0,normal,40x
train,14/600,/home/guido/Development/ML/progetto-itoLUNGs/data/nn/nn_868_40x.jpg,0,normal,40x
train,14/600,/home/guido/Development/ML/progetto-itoLUNGs/data/nn/nn_869_40x.jpg,0,normal,40x
train,14/600,/home/guido/Development/ML/progetto-itoLUNGs/data/nn/nn_870_40x.jpg,0,normal,40x
train,146/17,/home/guido/Development/ML/progetto-itoLUNGs/data/neo/pap_11_20x.jpg,1,pap,20x
train,146/17,/home/guido/Development/ML/progetto-itoLUNGs/data/neo/pap_12_20x.jpg,1,pap,20x
train,146/17,/home/guido/Development/ML/progetto-itoLUNGs/data/neo/pap_13_20x.jpg,1,pap,20x
train,146/17,/home/guido/Development/ML/progetto-itoLUNGs/data/neo/pap_14_20x.jpg,1,pap,20x
train,146/17,/home/guido/Development/ML/progetto-itoLUNGs/data/neo/pap_15_20x.jpg,1,pap,20x
train,146/17,/home/guido/Development/ML/progetto-itoLUNGs/data/neo/pap_16_40x.jpg,1,pap,40x
train,146/17,/home/guido/Development/ML/progetto-itoLUNGs/data/neo/pap_17_40x.jpg,1,pap,40x
train,146/17,/home/guido/Development/ML/progetto-itoLUNGs/data/neo/pap_18_40x.jpg,1,pap,40x
train,146/17,/home/guido/Development/ML/progetto-itoLUNGs/data/neo/pap_19_40x.jpg,1,pap,40x
train,146/17,/home/guido/Development/ML/progetto-itoLUNGs/data/neo/pap_20_40x.jpg,1,pap,40x
train,146/17,/home/guido/Development/ML/progetto-itoLUNGs/data/nn/nn_10_40x.jpg,0,normal,40x
train,146/17,/home/guido/Development/ML/progetto-itoLUNGs/data/nn/nn_1_20x.jpg,0,normal,20x
train,146/17,/home/guido/Development/ML/progetto-itoLUNGs/data/nn/nn_2_20x.jpg,0,normal,20x
train,146/17,/home/guido/Development/ML/progetto-itoLUNGs/data/nn/nn_3_20x.jpg,0,normal,20x
train,146/17,/home/guido/Development/ML/progetto-itoLUNGs/data/nn/nn_4_20x.jpg,0,normal,20x
train,146/17,/home/guido/Development/ML/progetto-itoLUNGs/data/nn/nn_5_20x.jpg,0,normal,20x
train,146/17,/home/guido/Development/ML/progetto-itoLUNGs/data/nn/nn_6_40x.jpg,0,normal,40x
train,146/17,/home/guido/Development/ML/progetto-itoLUNGs/data/nn/nn_7_40x.jpg,0,normal,40x
train,146/17,/home/guido/Development/ML/progetto-itoLUNGs/data/nn/nn_8_40x.jpg,0,normal,40x
train,146/17,/home/guido/Development/ML/progetto-itoLUNGs/data/nn/nn_9_40x.jpg,0,normal,40x
train,160/17,/home/guido/Development/ML/progetto-itoLUNGs/data/neo/pap_31_20x.jpg,1,pap,20x
train,160/17,/home/guido/Development/ML/progetto-itoLUNGs/data/neo/pap_32_20x.jpg,1,pap,20x
train,160/17,/home/guido/Development/ML/progetto-itoLUNGs/data/neo/pap_33_20x.jpg,1,pap,20x
train,160/17,/home/guido/Development/ML/progetto-itoLUNGs/data/neo/pap_34_20x.jpg,1,pap,20x
train,160/17,/home/guido/Development/ML/progetto-itoLUNGs/data/neo/pap_35_20x.jpg,1,pap,20x
train,160/17,/home/guido/Development/ML/progetto-itoLUNGs/data/neo/pap_36_40x.jpg,1,pap,40x
train,160/17,/home/guido/Development/ML/progetto-itoLUNGs/data/neo/pap_37_40x.jpg,1,pap,40x
train,160/17,/home/guido/Development/ML/progetto-itoLUNGs/data/neo/pap_38_40x.jpg,1,pap,40x
train,160/17,/home/guido/Development/ML/progetto-itoLUNGs/data/neo/pap_39_40x.jpg,1,pap,40x
train,160/17,/home/guido/Development/ML/progetto-itoLUNGs/data/neo/pap_40_40x.jpg,1,pap,40x
train,160/17,/home/guido/Development/ML/progetto-itoLUNGs/data/nn/nn_21_20x.jpg,0,normal,20x
train,160/17,/home/guido/Development/ML/progetto-itoLUNGs/data/nn/nn_22_20x.jpg,0,normal,20x
train,160/17,/home/guido/Development/ML/progetto-itoLUNGs/data/nn/nn_23_20x.jpg,0,normal,20x
train,160/17,/home/guido/Development/ML/progetto-itoLUNGs/data/nn/nn_24_20x.jpg,0,normal,20x
train,160/17,/home/guido/Development/ML/progetto-itoLUNGs/data/nn/nn_25_20x.jpg,0,normal,20x
train,160/17,/home/guido/Development/ML/progetto-itoLUNGs/data/nn/nn_26_40x.jpg,0,normal,40x
train,160/17,/home/guido/Development/ML/progetto-itoLUNGs/data/nn/nn_27_40x.jpg,0,normal,40x
train,160/17,/home/guido/Development/ML/progetto-itoLUNGs/data/nn/nn_28_40x.jpg,0,normal,40x
train,160/17,/home/guido/Development/ML/progetto-itoLUNGs/data/nn/nn_29_40x.jpg,0,normal,40x
train,160/17,/home/guido/Development/ML/progetto-itoLUNGs/data/nn/nn_30_40x.jpg,0,normal,40x
train,17/17,/home/guido/Development/ML/progetto-itoLUNGs/data/neo/pap_151_20x.jpg,1,pap,20x
train,17/17,/home/guido/Development/ML/progetto-itoLUNGs/data/neo/pap_152_20x.jpg,1,pap,20x
train,17/17,/home/guido/Development/ML/progetto-itoLUNGs/data/neo/pap_153_20x.jpg,1,pap,20x
train,17/17,/home/guido/Development/ML/progetto-itoLUNGs/data/neo/pap_154_20x.jpg,1,pap,20x
train,17/17,/home/guido/Development/ML/progetto-itoLUNGs/data/neo/pap_155_20x.jpg,1,pap,20x
train,17/17,/home/guido/Development/ML/progetto-itoLUNGs/data/neo/pap_156_40x.jpg,1,pap,40x
train,17/17,/home/guido/Development/ML/progetto-itoLUNGs/data/neo/pap_157_40x.jpg,1,pap,40x
train,17/17,/home/guido/Development/ML/progetto-itoLUNGs/data/neo/pap_158_40x.jpg,1,pap,40x
train,17/17,/home/guido/Development/ML/progetto-itoLUNGs/data/neo/pap_159_40x.jpg,1,pap,40x
train,17/17,/home/guido/Development/ML/progetto-itoLUNGs/data/neo/pap_160_40x.jpg,1,pap,40x
train,17/17,/home/guido/Development/ML/progetto-itoLUNGs/data/nn/nn_141_20x.jpg,0,normal,20x
train,17/17,/home/guido/Development/ML/progetto-itoLUNGs/data/nn/nn_142_20x.jpg,0,normal,20x
train,17/17,/home/guido/Development/ML/progetto-itoLUNGs/data/nn/nn_143_20x.jpg,0,normal,20x
train,17/17,/home/guido/Development/ML/progetto-itoLUNGs/data/nn/nn_144_20x.jpg,0,normal,20x
train,17/17,/home/guido/Development/ML/progetto-itoLUNGs/data/nn/nn_145_20x.jpg,0,normal,20x
train,17/17,/home/guido/Development/ML/progetto-itoLUNGs/data/nn/nn_146_40x.jpg,0,normal,40x
train,17/17,/home/guido/Development/ML/progetto-itoLUNGs/data/nn/nn_147_40x.jpg,0,normal,40x
train,17/17,/home/guido/Development/ML/progetto-itoLUNGs/data/nn/nn_148_40x.jpg,0,normal,40x
train,17/17,/home/guido/Development/ML/progetto-itoLUNGs/data/nn/nn_149_40x.jpg,0,normal,40x
train,17/17,/home/guido/Development/ML/progetto-itoLUNGs/data/nn/nn_150_40x.jpg,0,normal,40x
train,19/1128,/home/guido/Development/ML/progetto-itoLUNGs/data/neo/sol_571_20x.jpg,1,sol,20x
train,19/1128,/home/guido/Development/ML/progetto-itoLUNGs/data/neo/sol_572_20x.jpg,1,sol,20x
train,19/1128,/home/guido/Development/ML/progetto-itoLUNGs/data/neo/sol_573_20x.jpg,1,sol,20x
train,19/1128,/home/guido/Development/ML/progetto-itoLUNGs/data/neo/sol_574_20x.jpg,1,sol,20x
train,19/1128,/home/guido/Development/ML/progetto-itoLUNGs/data/neo/sol_575_20x.jpg,1,sol,20x
train,19/1128,/home/guido/Development/ML/progetto-itoLUNGs/data/neo/sol_576_40x.jpg,1,sol,40x
train,19/1128,/home/guido/Development/ML/progetto-itoLUNGs/data/neo/sol_577_40x.jpg,1,sol,40x
train,19/1128,/home/guido/Development/ML/progetto-itoLUNGs/data/neo/sol_578_40x.jpg,1,sol,40x
train,19/1128,/home/guido/Development/ML/progetto-itoLUNGs/data/neo/sol_579_40x.jpg,1,sol,40x
train,19/1128,/home/guido/Development/ML/progetto-itoLUNGs/data/neo/sol_580_40x.jpg,1,sol,40x
train,19/1128,/home/guido/Development/ML/progetto-itoLUNGs/data/nn/nn_561_20x.jpg,0,normal,20x
train,19/1128,/home/guido/Development/ML/progetto-itoLUNGs/data/nn/nn_562_20x.jpg,0,normal,20x
train,19/1128,/home/guido/Development/ML/progetto-itoLUNGs/data/nn/nn_563_20x.jpg,0,normal,20x
train,19/1128,/home/guido/Development/ML/progetto-itoLUNGs/data/nn/nn_564_20x.jpg,0,normal,20x
train,19/1128,/home/guido/Development/ML/progetto-itoLUNGs/data/nn/nn_565_20x.jpg,0,normal,20x
train,19/1128,/home/guido/Development/ML/progetto-itoLUNGs/data/nn/nn_566_40x.jpg,0,normal,40x
train,19/1128,/home/guido/Development/ML/progetto-itoLUNGs/data/nn/nn_567_40x.jpg,0,normal,40x
train,19/1128,/home/guido/Development/ML/progetto-itoLUNGs/data/nn/nn_568_40x.jpg,0,normal,40x
train,19/1128,/home/guido/Development/ML/progetto-itoLUNGs/data/nn/nn_569_40x.jpg,0,normal,40x
train,19/1128,/home/guido/Development/ML/progetto-itoLUNGs/data/nn/nn_570_40x.jpg,0,normal,40x
train,22016-1c,/home/guido/Development/ML/progetto-itoLUNGs/data/neo/pap_211_20x.jpg,1,pap,20x
train,22016-1c,/home/guido/Development/ML/progetto-itoLUNGs/data/neo/pap_212_20x.jpg,1,pap,20x
train,22016-1c,/home/guido/Development/ML/progetto-itoLUNGs/data/neo/pap_213_20x.jpg,1,pap,20x
train,22016-1c,/home/guido/Development/ML/progetto-itoLUNGs/data/neo/pap_214_20x.jpg,1,pap,20x
train,22016-1c,/home/guido/Development/ML/progetto-itoLUNGs/data/neo/pap_215_20x.jpg,1,pap,20x
train,22016-1c,/home/guido/Development/ML/progetto-itoLUNGs/data/neo/pap_216_40x.jpg,1,pap,40x
train,22016-1c,/home/guido/Development/ML/progetto-itoLUNGs/data/neo/pap_217_40x.jpg,1,pap,40x
train,22016-1c,/home/guido/Development/ML/progetto-itoLUNGs/data/neo/pap_218_40x.jpg,1,pap,40x
train,22016-1c,/home/guido/Development/ML/progetto-itoLUNGs/data/neo/pap_219_40x.jpg,1,pap,40x
train,22016-1c,/home/guido/Development/ML/progetto-itoLUNGs/data/neo/pap_220_40x.jpg,1,pap,40x
train,22016-1c,/home/guido/Development/ML/progetto-itoLUNGs/data/nn/nn_201_20x.jpg,0,normal,20x
train,22016-1c,/home/guido/Development/ML/progetto-itoLUNGs/data/nn/nn_202_20x.jpg,0,normal,20x
train,22016-1c,/home/guido/Development/ML/progetto-itoLUNGs/data/nn/nn_203_20x.jpg,0,normal,20x
train,22016-1c,/home/guido/Development/ML/progetto-itoLUNGs/data/nn/nn_204_20x.jpg,0,normal,20x
train,22016-1c,/home/guido/Development/ML/progetto-itoLUNGs/data/nn/nn_205_20x.jpg,0,normal,20x
train,22016-1c,/home/guido/Development/ML/progetto-itoLUNGs/data/nn/nn_206_40x.jpg,0,normal,40x
train,22016-1c,/home/guido/Development/ML/progetto-itoLUNGs/data/nn/nn_207_40x.jpg,0,normal,40x
train,22016-1c,/home/guido/Development/ML/progetto-itoLUNGs/data/nn/nn_208_40x.jpg,0,normal,40x
train,22016-1c,/home/guido/Development/ML/progetto-itoLUNGs/data/nn/nn_209_40x.jpg,0,normal,40x
train,22016-1c,/home/guido/Development/ML/progetto-itoLUNGs/data/nn/nn_210_40x.jpg,0,normal,40x
train,428/17,/home/guido/Development/ML/progetto-itoLUNGs/data/neo/pap_371_20x.jpg,1,pap,20x
train,428/17,/home/guido/Development/ML/progetto-itoLUNGs/data/neo/pap_372_20x.jpg,1,pap,20x
train,428/17,/home/guido/Development/ML/progetto-itoLUNGs/data/neo/pap_373_20x.jpg,1,pap,20x
train,428/17,/home/guido/Development/ML/progetto-itoLUNGs/data/neo/pap_374_20x.jpg,1,pap,20x
train,428/17,/home/guido/Development/ML/progetto-itoLUNGs/data/neo/pap_375_20x.jpg,1,pap,20x
train,428/17,/home/guido/Development/ML/progetto-itoLUNGs/data/neo/pap_376_40x.jpg,1,pap,40x
train,428/17,/home/guido/Development/ML/progetto-itoLUNGs/data/neo/pap_377_40x.jpg,1,pap,40x
train,428/17,/home/guido/Development/ML/progetto-itoLUNGs/data/neo/pap_378_40x.jpg,1,pap,40x
train,428/17,/home/guido/Development/ML/progetto-itoLUNGs/data/neo/pap_379_40x.jpg,1,pap,40x
train,428/17,/home/guido/Development/ML/progetto-itoLUNGs/data/neo/pap_380_40x.jpg,1,pap,40x
train,428/17,/home/guido/Development/ML/progetto-itoLUNGs/data/nn/nn_361_20x.jpg,0,normal,20x
train,428/17,/home/guido/Development/ML/progetto-itoLUNGs/data/nn/nn_362_20x.jpg,0,normal,20x
train,428/17,/home/guido/Development/ML/progetto-itoLUNGs/data/nn/nn_363_20x.jpg,0,normal,20x
train,428/17,/home/guido/Development/ML/progetto-itoLUNGs/data/nn/nn_364_20x.jpg,0,normal,20x
train,428/17,/home/guido/Development/ML/progetto-itoLUNGs/data/nn/nn_365_20x.jpg,0,normal,20x
train,428/17,/home/guido/Development/ML/progetto-itoLUNGs/data/nn/nn_366_40x.jpg,0,normal,40x
train,428/17,/home/guido/Development/ML/progetto-itoLUNGs/data/nn/nn_367_40x.jpg,0,normal,40x
train,428/17,/home/guido/Development/ML/progetto-itoLUNGs/data/nn/nn_368_40x.jpg,0,normal,40x
train,428/17,/home/guido/Development/ML/progetto-itoLUNGs/data/nn/nn_369_40x.jpg,0,normal,40x
train,428/17,/home/guido/Development/ML/progetto-itoLUNGs/data/nn/nn_370_40x.jpg,0,normal,40x
train,428/17,/home/guido/Development/ML/progetto-itoLUNGs/data/nn/nn_781_20x.jpg,0,normal,20x
train,428/17,/home/guido/Development/ML/progetto-itoLUNGs/data/nn/nn_782_20x.jpg,0,normal,20x
train,428/17,/home/guido/Development/ML/progetto-itoLUNGs/data/nn/nn_783_20x.jpg,0,normal,20x
train,428/17,/home/guido/Development/ML/progetto-itoLUNGs/data/nn/nn_784_20x.jpg,0,normal,20x
train,428/17,/home/guido/Development/ML/progetto-itoLUNGs/data/nn/nn_785_20x.jpg,0,normal,20x
train,428/17,/home/guido/Development/ML/progetto-itoLUNGs/data/nn/nn_786_40x.jpg,0,normal,40x
train,428/17,/home/guido/Development/ML/progetto-itoLUNGs/data/nn/nn_787_40x.jpg,0,normal,40x
train,428/17,/home/guido/Development/ML/progetto-itoLUNGs/data/nn/nn_788_40x.jpg,0,normal,40x
train,428/17,/home/guido/Development/ML/progetto-itoLUNGs/data/nn/nn_789_40x.jpg,0,normal,40x
train,428/17,/home/guido/Development/ML/progetto-itoLUNGs/data/nn/nn_790_40x.jpg,0,normal,40x
train,429/17,/home/guido/Development/ML/progetto-itoLUNGs/data/neo/pap_391_20x.jpg,1,pap,20x
train,429/17,/home/guido/Development/ML/progetto-itoLUNGs/data/neo/pap_392_20x.jpg,1,pap,20x
train,429/17,/home/guido/Development/ML/progetto-itoLUNGs/data/neo/pap_393_20x.jpg,1,pap,20x
train,429/17,/home/guido/Development/ML/progetto-itoLUNGs/data/neo/pap_394_20x.jpg,1,pap,20x
train,429/17,/home/guido/Development/ML/progetto-itoLUNGs/data/neo/pap_395_20x.jpg,1,pap,20x
train,429/17,/home/guido/Development/ML/progetto-itoLUNGs/data/neo/pap_396_40x.jpg,1,pap,40x
train,429/17,/home/guido/Development/ML/progetto-itoLUNGs/data/neo/pap_397_40x.jpg,1,pap,40x
train,429/17,/home/guido/Development/ML/progetto-itoLUNGs/data/neo/pap_398_40x.jpg,1,pap,40x
train,429/17,/home/guido/Development/ML/progetto-itoLUNGs/data/neo/pap_399_40x.jpg,1,pap,40x
train,429/17,/home/guido/Development/ML/progetto-itoLUNGs/data/neo/pap_400_40x.jpg,1,pap,40x
train,429/17,/home/guido/Development/ML/progetto-itoLUNGs/data/nn/nn_381_20x.jpg,0,normal,20x
train,429/17,/home/guido/Development/ML/progetto-itoLUNGs/data/nn/nn_382_20x.jpg,0,normal,20x
train,429/17,/home/guido/Development/ML/progetto-itoLUNGs/data/nn/nn_383_20x.jpg,0,normal,20x
train,429/17,/home/guido/Development/ML/progetto-itoLUNGs/data/nn/nn_384_20x.jpg,0,normal,20x
train,429/17,/home/guido/Development/ML/progetto-itoLUNGs/data/nn/nn_385_20x.jpg,0,normal,20x
train,429/17,/home/guido/Development/ML/progetto-itoLUNGs/data/nn/nn_386_40x.jpg,0,normal,40x
train,429/17,/home/guido/Development/ML/progetto-itoLUNGs/data/nn/nn_387_40x.jpg,0,normal,40x
train,429/17,/home/guido/Development/ML/progetto-itoLUNGs/data/nn/nn_388_40x.jpg,0,normal,40x
train,429/17,/home/guido/Development/ML/progetto-itoLUNGs/data/nn/nn_389_40x.jpg,0,normal,40x
train,429/17,/home/guido/Development/ML/progetto-itoLUNGs/data/nn/nn_390_40x.jpg,0,normal,40x
train,465/15,/home/guido/Development/ML/progetto-itoLUNGs/data/neo/sol_691_20x.jpg,1,sol,20x
train,465/15,/home/guido/Development/ML/progetto-itoLUNGs/data/neo/sol_692_20x.jpg,1,sol,20x
train,465/15,/home/guido/Development/ML/progetto-itoLUNGs/data/neo/sol_693_20x.jpg,1,sol,20x
train,465/15,/home/guido/Development/ML/progetto-itoLUNGs/data/neo/sol_694_20x.jpg,1,sol,20x
train,465/15,/home/guido/Development/ML/progetto-itoLUNGs/data/neo/sol_695_20x.jpg,1,sol,20x
train,465/15,/home/guido/Development/ML/progetto-itoLUNGs/data/neo/sol_696_40x.jpg,1,sol,40x
train,465/15,/home/guido/Development/ML/progetto-itoLUNGs/data/neo/sol_697_40x.jpg,1,sol,40x
train,465/15,/home/guido/Development/ML/progetto-itoLUNGs/data/neo/sol_698_40x.jpg,1,sol,40x
train,465/15,/home/guido/Development/ML/progetto-itoLUNGs/data/neo/sol_699_40x.jpg,1,sol,40x
train,465/15,/home/guido/Development/ML/progetto-itoLUNGs/data/neo/sol_700_40x.jpg,1,sol,40x
train,465/15,/home/guido/Development/ML/progetto-itoLUNGs/data/nn/nn_681_20x.jpg,0,normal,20x
train,465/15,/home/guido/Development/ML/progetto-itoLUNGs/data/nn/nn_682_20x.jpg,0,normal,20x
train,465/15,/home/guido/Development/ML/progetto-itoLUNGs/data/nn/nn_683_20x.jpg,0,normal,20x
train,465/15,/home/guido/Development/ML/progetto-itoLUNGs/data/nn/nn_684_20x.jpg,0,normal,20x
train,465/15,/home/guido/Development/ML/progetto-itoLUNGs/data/nn/nn_685_20x.jpg,0,normal,20x
train,465/15,/home/guido/Development/ML/progetto-itoLUNGs/data/nn/nn_686_40x.jpg,0,normal,40x
train,465/15,/home/guido/Development/ML/progetto-itoLUNGs/data/nn/nn_687_40x.jpg,0,normal,40x
train,465/15,/home/guido/Development/ML/progetto-itoLUNGs/data/nn/nn_688_40x.jpg,0,normal,40x
train,465/15,/home/guido/Development/ML/progetto-itoLUNGs/data/nn/nn_689_40x.jpg,0,normal,40x
train,465/15,/home/guido/Development/ML/progetto-itoLUNGs/data/nn/nn_690_40x.jpg,0,normal,40x
train,472/22,/home/guido/Development/ML/progetto-itoLUNGs/data/neo/pap_191_20x.jpg,1,pap,20x
train,472/22,/home/guido/Development/ML/progetto-itoLUNGs/data/neo/pap_192_20x.jpg,1,pap,20x
train,472/22,/home/guido/Development/ML/progetto-itoLUNGs/data/neo/pap_193_20x.jpg,1,pap,20x
train,472/22,/home/guido/Development/ML/progetto-itoLUNGs/data/neo/pap_194_20x.jpg,1,pap,20x
train,472/22,/home/guido/Development/ML/progetto-itoLUNGs/data/neo/pap_195_20x.jpg,1,pap,20x
train,472/22,/home/guido/Development/ML/progetto-itoLUNGs/data/neo/pap_196_40x.jpg,1,pap,40x
train,472/22,/home/guido/Development/ML/progetto-itoLUNGs/data/neo/pap_197_40x.jpg,1,pap,40x
train,472/22,/home/guido/Development/ML/progetto-itoLUNGs/data/neo/pap_198_40x.jpg,1,pap,40x
train,472/22,/home/guido/Development/ML/progetto-itoLUNGs/data/neo/pap_199_40x.jpg,1,pap,40x
train,472/22,/home/guido/Development/ML/progetto-itoLUNGs/data/neo/pap_200_40x.jpg,1,pap,40x
train,472/22,/home/guido/Development/ML/progetto-itoLUNGs/data/nn/nn_181_20x.jpg,0,normal,20x
train,472/22,/home/guido/Development/ML/progetto-itoLUNGs/data/nn/nn_182_20x.jpg,0,normal,20x
train,472/22,/home/guido/Development/ML/progetto-itoLUNGs/data/nn/nn_183_20x.jpg,0,normal,20x
train,472/22,/home/guido/Development/ML/progetto-itoLUNGs/data/nn/nn_184_20x.jpg,0,normal,20x
train,472/22,/home/guido/Development/ML/progetto-itoLUNGs/data/nn/nn_185_20x.jpg,0,normal,20x
train,472/22,/home/guido/Development/ML/progetto-itoLUNGs/data/nn/nn_186_40x.jpg,0,normal,40x
train,472/22,/home/guido/Development/ML/progetto-itoLUNGs/data/nn/nn_187_40x.jpg,0,normal,40x
train,472/22,/home/guido/Development/ML/progetto-itoLUNGs/data/nn/nn_188_40x.jpg,0,normal,40x
train,472/22,/home/guido/Development/ML/progetto-itoLUNGs/data/nn/nn_189_40x.jpg,0,normal,40x
train,472/22,/home/guido/Development/ML/progetto-itoLUNGs/data/nn/nn_190_40x.jpg,0,normal,40x
train,472/22,/home/guido/Development/ML/progetto-itoLUNGs/data/nn/nn_321_20x.jpg,0,normal,20x
train,472/22,/home/guido/Development/ML/progetto-itoLUNGs/data/nn/nn_322_20x.jpg,0,normal,20x
train,472/22,/home/guido/Development/ML/progetto-itoLUNGs/data/nn/nn_323_20x.jpg,0,normal,20x
train,472/22,/home/guido/Development/ML/progetto-itoLUNGs/data/nn/nn_324_20x.jpg,0,normal,20x
train,472/22,/home/guido/Development/ML/progetto-itoLUNGs/data/nn/nn_325_20x.jpg,0,normal,20x
train,472/22,/home/guido/Development/ML/progetto-itoLUNGs/data/nn/nn_326_40x.jpg,0,normal,40x
train,472/22,/home/guido/Development/ML/progetto-itoLUNGs/data/nn/nn_327_40x.jpg,0,normal,40x
train,472/22,/home/guido/Development/ML/progetto-itoLUNGs/data/nn/nn_328_40x.jpg,0,normal,40x
train,472/22,/home/guido/Development/ML/progetto-itoLUNGs/data/nn/nn_329_40x.jpg,0,normal,40x
train,472/22,/home/guido/Development/ML/progetto-itoLUNGs/data/nn/nn_330_40x.jpg,0,normal,40x
train,702/21,/home/guido/Development/ML/progetto-itoLUNGs/data/neo/lep_251_20x.jpg,1,lep,20x
train,702/21,/home/guido/Development/ML/progetto-itoLUNGs/data/neo/lep_252_20x.jpg,1,lep,20x
train,702/21,/home/guido/Development/ML/progetto-itoLUNGs/data/neo/lep_253_20x.jpg,1,lep,20x
train,702/21,/home/guido/Development/ML/progetto-itoLUNGs/data/neo/lep_254_20x.jpg,1,lep,20x
train,702/21,/home/guido/Development/ML/progetto-itoLUNGs/data/neo/lep_255_20x.jpg,1,lep,20x
train,702/21,/home/guido/Development/ML/progetto-itoLUNGs/data/neo/lep_256_40x.jpg,1,lep,40x
train,702/21,/home/guido/Development/ML/progetto-itoLUNGs/data/neo/lep_257_40x.jpg,1,lep,40x
train,702/21,/home/guido/Development/ML/progetto-itoLUNGs/data/neo/lep_258_40x_.jpg,1,lep,40x
train,702/21,/home/guido/Development/ML/progetto-itoLUNGs/data/neo/lep_259_40x.jpg,1,lep,40x
train,702/21,/home/guido/Development/ML/progetto-itoLUNGs/data/neo/lep_260_40x.jpg,1,lep,40x
train,702/21,/home/guido/Development/ML/progetto-itoLUNGs/data/nn/nn_241_20x.jpg,0,normal,20x
train,702/21,/home/guido/Development/ML/progetto-itoLUNGs/data/nn/nn_242_20x.jpg,0,normal,20x
train,702/21,/home/guido/Development/ML/progetto-itoLUNGs/data/nn/nn_243_20x.jpg,0,normal,20x
train,702/21,/home/guido/Development/ML/progetto-itoLUNGs/data/nn/nn_244_20x.jpg,0,normal,20x
train,702/21,/home/guido/Development/ML/progetto-itoLUNGs/data/nn/nn_245_20x.jpg,0,normal,20x
train,702/21,/home/guido/Development/ML/progetto-itoLUNGs/data/nn/nn_246_40x.jpg,0,normal,40x
train,702/21,/home/guido/Development/ML/progetto-itoLUNGs/data/nn/nn_247_40x.jpg,0,normal,40x
train,702/21,/home/guido/Development/ML/progetto-itoLUNGs/data/nn/nn_249_40x.jpg,0,normal,40x
train,702/21,/home/guido/Development/ML/progetto-itoLUNGs/data/nn/nn_250_20x.jpg,0,normal,20x
train,717-23,/home/guido/Development/ML/progetto-itoLUNGs/data/neo/pap_131_20x.jpg,1,pap,20x
train,717-23,/home/guido/Development/ML/progetto-itoLUNGs/data/neo/pap_132_20x.jpg,1,pap,20x
train,717-23,/home/guido/Development/ML/progetto-itoLUNGs/data/neo/pap_133_20x.jpg,1,pap,20x
train,717-23,/home/guido/Development/ML/progetto-itoLUNGs/data/neo/pap_134_20x.jpg,1,pap,20x
train,717-23,/home/guido/Development/ML/progetto-itoLUNGs/data/neo/pap_135_20x.jpg,1,pap,20x
train,717-23,/home/guido/Development/ML/progetto-itoLUNGs/data/neo/pap_136_40x.jpg,1,pap,40x
train,717-23,/home/guido/Development/ML/progetto-itoLUNGs/data/neo/pap_137_40x.jpg,1,pap,40x
train,717-23,/home/guido/Development/ML/progetto-itoLUNGs/data/neo/pap_138_40x.jpg,1,pap,40x
train,717-23,/home/guido/Development/ML/progetto-itoLUNGs/data/neo/pap_139_40x.jpg,1,pap,40x
train,717-23,/home/guido/Development/ML/progetto-itoLUNGs/data/neo/pap_140_40x.jpg,1,pap,40x
train,717-23,/home/guido/Development/ML/progetto-itoLUNGs/data/nn/nn_121_20x.jpg,0,normal,20x
train,717-23,/home/guido/Development/ML/progetto-itoLUNGs/data/nn/nn_122_20x.jpg,0,normal,20x
train,717-23,/home/guido/Development/ML/progetto-itoLUNGs/data/nn/nn_123_20x.jpg,0,normal,20x
train,717-23,/home/guido/Development/ML/progetto-itoLUNGs/data/nn/nn_124_20x.jpg,0,normal,20x
train,717-23,/home/guido/Development/ML/progetto-itoLUNGs/data/nn/nn_125_20x.jpg,0,normal,20x
train,717-23,/home/guido/Development/ML/progetto-itoLUNGs/data/nn/nn_126_40x.jpg,0,normal,40x
train,717-23,/home/guido/Development/ML/progetto-itoLUNGs/data/nn/nn_127_40x.jpg,0,normal,40x
train,717-23,/home/guido/Development/ML/progetto-itoLUNGs/data/nn/nn_128_40x.jpg,0,normal,40x
train,717-23,/home/guido/Development/ML/progetto-itoLUNGs/data/nn/nn_129_40x.jpg,0,normal,40x
train,717-23,/home/guido/Development/ML/progetto-itoLUNGs/data/nn/nn_130_40x.jpg,0,normal,40x
train,94/1450,/home/guido/Development/ML/progetto-itoLUNGs/data/neo/pap_731_20x.jpg,1,pap,20x
train,94/1450,/home/guido/Development/ML/progetto-itoLUNGs/data/neo/pap_732_20x.jpg,1,pap,20x
train,94/1450,/home/guido/Development/ML/progetto-itoLUNGs/data/neo/pap_733_20x.jpg,1,pap,20x
train,94/1450,/home/guido/Development/ML/progetto-itoLUNGs/data/neo/pap_734_20x.jpg,1,pap,20x
train,94/1450,/home/guido/Development/ML/progetto-itoLUNGs/data/neo/pap_735_20x.jpg,1,pap,20x
train,94/1450,/home/guido/Development/ML/progetto-itoLUNGs/data/neo/pap_736_40x.jpg,1,pap,40x
train,94/1450,/home/guido/Development/ML/progetto-itoLUNGs/data/neo/pap_737_40x.jpg,1,pap,40x
train,94/1450,/home/guido/Development/ML/progetto-itoLUNGs/data/neo/pap_738_40x.jpg,1,pap,40x
train,94/1450,/home/guido/Development/ML/progetto-itoLUNGs/data/neo/pap_739_40x.jpg,1,pap,40x
train,94/1450,/home/guido/Development/ML/progetto-itoLUNGs/data/neo/pap_740_40x.jpg,1,pap,40x
train,94/1450,/home/guido/Development/ML/progetto-itoLUNGs/data/nn/nn_721_20x.jpg,0,normal,20x
train,94/1450,/home/guido/Development/ML/progetto-itoLUNGs/data/nn/nn_722_20x.jpg,0,normal,20x
train,94/1450,/home/guido/Development/ML/progetto-itoLUNGs/data/nn/nn_723_20x.jpg,0,normal,20x
train,94/1450,/home/guido/Development/ML/progetto-itoLUNGs/data/nn/nn_724_20x.jpg,0,normal,20x
train,94/1450,/home/guido/Development/ML/progetto-itoLUNGs/data/nn/nn_725_20x.jpg,0,normal,20x
train,94/1450,/home/guido/Development/ML/progetto-itoLUNGs/data/nn/nn_726_40x.jpg,0,normal,40x
train,94/1450,/home/guido/Development/ML/progetto-itoLUNGs/data/nn/nn_727_40x.jpg,0,normal,40x
train,94/1450,/home/guido/Development/ML/progetto-itoLUNGs/data/nn/nn_728_40x.jpg,0,normal,40x
train,94/1450,/home/guido/Development/ML/progetto-itoLUNGs/data/nn/nn_729_40x.jpg,0,normal,40x
train,94/1450,/home/guido/Development/ML/progetto-itoLUNGs/data/nn/nn_730_40x.jpg,0,normal,40x
train,97/1094,/home/guido/Development/ML/progetto-itoLUNGs/data/neo/sol_651_20x.jpg,1,sol,20x
train,97/1094,/home/guido/Development/ML/progetto-itoLUNGs/data/neo/sol_652_20x.jpg,1,sol,20x
train,97/1094,/home/guido/Development/ML/progetto-itoLUNGs/data/neo/sol_653_20x.jpg,1,sol,20x
train,97/1094,/home/guido/Development/ML/progetto-itoLUNGs/data/neo/sol_654_20x.jpg,1,sol,20x
train,97/1094,/home/guido/Development/ML/progetto-itoLUNGs/data/neo/sol_655_20x.jpg,1,sol,20x
train,97/1094,/home/guido/Development/ML/progetto-itoLUNGs/data/neo/sol_656_40x.jpg,1,sol,40x
train,97/1094,/home/guido/Development/ML/progetto-itoLUNGs/data/neo/sol_657_40x.jpg,1,sol,40x
train,97/1094,/home/guido/Development/ML/progetto-itoLUNGs/data/neo/sol_658_40x.jpg,1,sol,40x
train,97/1094,/home/guido/Development/ML/progetto-itoLUNGs/data/neo/sol_659_40x.jpg,1,sol,40x
train,97/1094,/home/guido/Development/ML/progetto-itoLUNGs/data/neo/sol_660_40x.jpg,1,sol,40x
train,97/1094,/home/guido/Development/ML/progetto-itoLUNGs/data/nn/nn_641_20x.jpg,0,normal,20x
train,97/1094,/home/guido/Development/ML/progetto-itoLUNGs/data/nn/nn_642_20x.jpg,0,normal,20x
train,97/1094,/home/guido/Development/ML/progetto-itoLUNGs/data/nn/nn_643_20x.jpg,0,normal,20x
train,97/1094,/home/guido/Development/ML/progetto-itoLUNGs/data/nn/nn_644_20x.jpg,0,normal,20x
train,97/1094,/home/guido/Development/ML/progetto-itoLUNGs/data/nn/nn_645_20x.jpg,0,normal,20x
train,97/1094,/home/guido/Development/ML/progetto-itoLUNGs/data/nn/nn_646_40x.jpg,0,normal,40x
train,97/1094,/home/guido/Development/ML/progetto-itoLUNGs/data/nn/nn_647_40x.jpg,0,normal,40x
train,97/1094,/home/guido/Development/ML/progetto-itoLUNGs/data/nn/nn_648_40x.jpg,0,normal,40x
train,97/1094,/home/guido/Development/ML/progetto-itoLUNGs/data/nn/nn_649_40x.jpg,0,normal,40x
train,97/1094,/home/guido/Development/ML/progetto-itoLUNGs/data/nn/nn_650_40x.jpg,0,normal,40x
train,97/989,/home/guido/Development/ML/progetto-itoLUNGs/data/neo/pap_851_20x.jpg,1,pap,20x
train,97/989,/home/guido/Development/ML/progetto-itoLUNGs/data/neo/pap_852_20x.jpg,1,pap,20x
train,97/989,/home/guido/Development/ML/progetto-itoLUNGs/data/neo/pap_853_20x.jpg,1,pap,20x
train,97/989,/home/guido/Development/ML/progetto-itoLUNGs/data/neo/pap_854_20x.jpg,1,pap,20x
train,97/989,/home/guido/Development/ML/progetto-itoLUNGs/data/neo/pap_855_20x.jpg,1,pap,20x
train,97/989,/home/guido/Development/ML/progetto-itoLUNGs/data/neo/pap_856_40x.jpg,1,pap,40x
train,97/989,/home/guido/Development/ML/progetto-itoLUNGs/data/neo/pap_857_40x.jpg,1,pap,40x
train,97/989,/home/guido/Development/ML/progetto-itoLUNGs/data/neo/pap_858_40x.jpg,1,pap,40x
train,97/989,/home/guido/Development/ML/progetto-itoLUNGs/data/neo/pap_859_40x.jpg,1,pap,40x
train,97/989,/home/guido/Development/ML/progetto-itoLUNGs/data/neo/pap_860_40x.jpg,1,pap,40x
train,97/989,/home/guido/Development/ML/progetto-itoLUNGs/data/nn/nn_841_20x.jpg,0,normal,20x
train,97/989,/home/guido/Development/ML/progetto-itoLUNGs/data/nn/nn_842_20x.jpg,0,normal,20x
train,97/989,/home/guido/Development/ML/progetto-itoLUNGs/data/nn/nn_843_20x.jpg,0,normal,20x
train,97/989,/home/guido/Development/ML/progetto-itoLUNGs/data/nn/nn_844_20x.jpg,0,normal,20x
train,97/989,/home/guido/Development/ML/progetto-itoLUNGs/data/nn/nn_845_20x.jpg,0,normal,20x
train,97/989,/home/guido/Development/ML/progetto-itoLUNGs/data/nn/nn_846_40x.jpg,0,normal,40x
train,97/989,/home/guido/Development/ML/progetto-itoLUNGs/data/nn/nn_847_40x.jpg,0,normal,40x
train,97/989,/home/guido/Development/ML/progetto-itoLUNGs/data/nn/nn_848_40x.jpg,0,normal,40x
train,97/989,/home/guido/Development/ML/progetto-itoLUNGs/data/nn/nn_849_40x.jpg,0,normal,40x
train,97/989,/home/guido/Development/ML/progetto-itoLUNGs/data/nn/nn_850_40x.jpg,0,normal,40x
train,98/1366,/home/guido/Development/ML/progetto-itoLUNGs/data/neo/pap_771_20x.jpg,1,pap,20x
train,98/1366,/home/guido/Development/ML/progetto-itoLUNGs/data/neo/pap_772_20x.jpg,1,pap,20x
train,98/1366,/home/guido/Development/ML/progetto-itoLUNGs/data/neo/pap_773_20x.jpg,1,pap,20x
train,98/1366,/home/guido/Development/ML/progetto-itoLUNGs/data/neo/pap_774_20x.jpg,1,pap,20x
train,98/1366,/home/guido/Development/ML/progetto-itoLUNGs/data/neo/pap_775_20x.jpg,1,pap,20x
train,98/1366,/home/guido/Development/ML/progetto-itoLUNGs/data/neo/pap_776_40x.jpg,1,pap,40x
train,98/1366,/home/guido/Development/ML/progetto-itoLUNGs/data/neo/pap_777_40x.jpg,1,pap,40x
train,98/1366,/home/guido/Development/ML/progetto-itoLUNGs/data/neo/pap_778_40x.jpg,1,pap,40x
train,98/1366,/home/guido/Development/ML/progetto-itoLUNGs/data/neo/pap_779_40x.jpg,1,pap,40x
train,98/1366,/home/guido/Development/ML/progetto-itoLUNGs/data/neo/pap_780_40x.jpg,1,pap,40x
train,98/1366,/home/guido/Development/ML/progetto-itoLUNGs/data/nn/nn_761_20x.jpg,0,normal,20x
train,98/1366,/home/guido/Development/ML/progetto-itoLUNGs/data/nn/nn_762_20x.jpg,0,normal,20x
train,98/1366,/home/guido/Development/ML/progetto-itoLUNGs/data/nn/nn_763_20x.jpg,0,normal,20x
train,98/1366,/home/guido/Development/ML/progetto-itoLUNGs/data/nn/nn_764_20x.jpg,0,normal,20x
train,98/1366,/home/guido/Development/ML/progetto-itoLUNGs/data/nn/nn_765_20x.jpg,0,normal,20x
train,98/1366,/home/guido/Development/ML/progetto-itoLUNGs/data/nn/nn_766_40x.jpg,0,normal,40x
train,98/1366,/home/guido/Development/ML/progetto-itoLUNGs/data/nn/nn_767_40x.jpg,0,normal,40x
train,98/1366,/home/guido/Development/ML/progetto-itoLUNGs/data/nn/nn_768_40x.jpg,0,normal,40x
train,98/1366,/home/guido/Development/ML/progetto-itoLUNGs/data/nn/nn_769_40x.jpg,0,normal,40x
train,98/1366,/home/guido/Development/ML/progetto-itoLUNGs/data/nn/nn_770_40x.jpg,0,normal,40x
train,99/1176,/home/guido/Development/ML/progetto-itoLUNGs/data/neo/pap_931_20x.jpg,1,pap,20x
train,99/1176,/home/guido/Development/ML/progetto-itoLUNGs/data/neo/pap_932_20x.jpg,1,pap,20x
train,99/1176,/home/guido/Development/ML/progetto-itoLUNGs/data/neo/pap_933_20x.jpg,1,pap,20x
train,99/1176,/home/guido/Development/ML/progetto-itoLUNGs/data/neo/pap_934_20x.jpg,1,pap,20x
train,99/1176,/home/guido/Development/ML/progetto-itoLUNGs/data/neo/pap_935_20x.jpg,1,pap,20x
train,99/1176,/home/guido/Development/ML/progetto-itoLUNGs/data/neo/pap_936_40x.jpg,1,pap,40x
train,99/1176,/home/guido/Development/ML/progetto-itoLUNGs/data/neo/pap_937_40x.jpg,1,pap,40x
train,99/1176,/home/guido/Development/ML/progetto-itoLUNGs/data/neo/pap_938_40x.jpg,1,pap,40x
train,99/1176,/home/guido/Development/ML/progetto-itoLUNGs/data/neo/pap_939_40x.jpg,1,pap,40x
train,99/1176,/home/guido/Development/ML/progetto-itoLUNGs/data/neo/pap_940_40x.jpg,1,pap,40x
train,99/1176,/home/guido/Development/ML/progetto-itoLUNGs/data/nn/nn_921_20x.jpg,0,normal,20x
train,99/1176,/home/guido/Development/ML/progetto-itoLUNGs/data/nn/nn_922_20x.jpg,0,normal,20x
train,99/1176,/home/guido/Development/ML/progetto-itoLUNGs/data/nn/nn_923_20x.jpg,0,normal,20x
train,99/1176,/home/guido/Development/ML/progetto-itoLUNGs/data/nn/nn_924_20x.jpg,0,normal,20x
train,99/1176,/home/guido/Development/ML/progetto-itoLUNGs/data/nn/nn_925_20x.jpg,0,normal,20x
train,99/1176,/home/guido/Development/ML/progetto-itoLUNGs/data/nn/nn_926_40x.jpg,0,normal,40x
train,99/1176,/home/guido/Development/ML/progetto-itoLUNGs/data/nn/nn_927_40x.jpg,0,normal,40x
train,99/1176,/home/guido/Development/ML/progetto-itoLUNGs/data/nn/nn_928_40x.jpg,0,normal,40x
train,99/1176,/home/guido/Development/ML/progetto-itoLUNGs/data/nn/nn_929_40x.jpg,0,normal,40x
train,99/1176,/home/guido/Development/ML/progetto-itoLUNGs/data/nn/nn_930_40x.jpg,0,normal,40x
train,99/1270,/home/guido/Development/ML/progetto-itoLUNGs/data/neo/pap_431_20x.jpg,1,pap,20x
train,99/1270,/home/guido/Development/ML/progetto-itoLUNGs/data/neo/pap_432_20x.jpg,1,pap,20x
train,99/1270,/home/guido/Development/ML/progetto-itoLUNGs/data/neo/pap_433_20x.jpg,1,pap,20x
train,99/1270,/home/guido/Development/ML/progetto-itoLUNGs/data/neo/pap_434_20x.jpg,1,pap,20x
train,99/1270,/home/guido/Development/ML/progetto-itoLUNGs/data/neo/pap_435_20x.jpg,1,pap,20x
train,99/1270,/home/guido/Development/ML/progetto-itoLUNGs/data/neo/pap_436_40x.jpg,1,pap,40x
train,99/1270,/home/guido/Development/ML/progetto-itoLUNGs/data/neo/pap_437_40x.jpg,1,pap,40x
train,99/1270,/home/guido/Development/ML/progetto-itoLUNGs/data/neo/pap_438_40x.jpg,1,pap,40x
train,99/1270,/home/guido/Development/ML/progetto-itoLUNGs/data/neo/pap_439_40x.jpg,1,pap,40x
train,99/1270,/home/guido/Development/ML/progetto-itoLUNGs/data/neo/pap_440_40x.jpg,1,pap,40x
train,99/1270,/home/guido/Development/ML/progetto-itoLUNGs/data/nn/nn_421_20x.jpg,0,normal,20x
train,99/1270,/home/guido/Development/ML/progetto-itoLUNGs/data/nn/nn_422_20x.jpg,0,normal,20x
train,99/1270,/home/guido/Development/ML/progetto-itoLUNGs/data/nn/nn_423_20x.jpg,0,normal,20x
train,99/1270,/home/guido/Development/ML/progetto-itoLUNGs/data/nn/nn_424_20x.jpg,0,normal,20x
train,99/1270,/home/guido/Development/ML/progetto-itoLUNGs/data/nn/nn_425_20x.jpg,0,normal,20x
train,99/1270,/home/guido/Development/ML/progetto-itoLUNGs/data/nn/nn_426_40x.jpg,0,normal,40x
train,99/1270,/home/guido/Development/ML/progetto-itoLUNGs/data/nn/nn_427_40x.jpg,0,normal,40x
train,99/1270,/home/guido/Development/ML/progetto-itoLUNGs/data/nn/nn_428_40x.jpg,0,normal,40x
train,99/1270,/home/guido/Development/ML/progetto-itoLUNGs/data/nn/nn_429_40x.jpg,0,normal,40x
train,99/1270,/home/guido/Development/ML/progetto-itoLUNGs/data/nn/nn_430_40x.jpg,0,normal,40x
val,06/1055,/home/guido/Development/ML/progetto-itoLUNGs/data/neo/pap_751_20x.jpg,1,pap,20x
val,06/1055,/home/guido/Development/ML/progetto-itoLUNGs/data/neo/pap_752_20x.jpg,1,pap,20x
val,06/1055,/home/guido/Development/ML/progetto-itoLUNGs/data/neo/pap_753_20x.jpg,1,pap,20x
val,06/1055,/home/guido/Development/ML/progetto-itoLUNGs/data/neo/pap_754_20x.jpg,1,pap,20x
val,06/1055,/home/guido/Development/ML/progetto-itoLUNGs/data/neo/pap_755_20x.jpg,1,pap,20x
val,06/1055,/home/guido/Development/ML/progetto-itoLUNGs/data/neo/pap_756_40x.jpg,1,pap,40x
val,06/1055,/home/guido/Development/ML/progetto-itoLUNGs/data/neo/pap_757_40x.jpg,1,pap,40x
val,06/1055,/home/guido/Development/ML/progetto-itoLUNGs/data/neo/pap_758_40x.jpg,1,pap,40x
val,06/1055,/home/guido/Development/ML/progetto-itoLUNGs/data/neo/pap_759_40x.jpg,1,pap,40x
val,06/1055,/home/guido/Development/ML/progetto-itoLUNGs/data/neo/pap_760_40x.jpg,1,pap,40x
val,06/1055,/home/guido/Development/ML/progetto-itoLUNGs/data/nn/nn_741_20x.jpg,0,normal,20x
val,06/1055,/home/guido/Development/ML/progetto-itoLUNGs/data/nn/nn_742_20x.jpg,0,normal,20x
val,06/1055,/home/guido/Development/ML/progetto-itoLUNGs/data/nn/nn_743_20x.jpg,0,normal,20x
val,06/1055,/home/guido/Development/ML/progetto-itoLUNGs/data/nn/nn_744_20x.jpg,0,normal,20x
val,06/1055,/home/guido/Development/ML/progetto-itoLUNGs/data/nn/nn_745_20x.jpg,0,normal,20x
val,06/1055,/home/guido/Development/ML/progetto-itoLUNGs/data/nn/nn_746_40x.jpg,0,normal,40x
val,06/1055,/home/guido/Development/ML/progetto-itoLUNGs/data/nn/nn_747_40x.jpg,0,normal,40x
val,06/1055,/home/guido/Development/ML/progetto-itoLUNGs/data/nn/nn_748_40x.jpg,0,normal,40x
val,06/1055,/home/guido/Development/ML/progetto-itoLUNGs/data/nn/nn_749_40x.jpg,0,normal,40x
val,06/1055,/home/guido/Development/ML/progetto-itoLUNGs/data/nn/nn_750_40x.jpg,0,normal,40x
val,13/845,/home/guido/Development/ML/progetto-itoLUNGs/data/neo/sol_591_20x.jpg,1,sol,20x
val,13/845,/home/guido/Development/ML/progetto-itoLUNGs/data/neo/sol_592_20x.jpg,1,sol,20x
val,13/845,/home/guido/Development/ML/progetto-itoLUNGs/data/neo/sol_593_20x.jpg,1,sol,20x
val,13/845,/home/guido/Development/ML/progetto-itoLUNGs/data/neo/sol_594_20x.jpg,1,sol,20x
val,13/845,/home/guido/Development/ML/progetto-itoLUNGs/data/neo/sol_595_20x.jpg,1,sol,20x
val,13/845,/home/guido/Development/ML/progetto-itoLUNGs/data/neo/sol_596_40x.jpg,1,sol,40x
val,13/845,/home/guido/Development/ML/progetto-itoLUNGs/data/neo/sol_597_40x.jpg,1,sol,40x
val,13/845,/home/guido/Development/ML/progetto-itoLUNGs/data/neo/sol_598_40x.jpg,1,sol,40x
val,13/845,/home/guido/Development/ML/progetto-itoLUNGs/data/neo/sol_599_40x.jpg,1,sol,40x
val,13/845,/home/guido/Development/ML/progetto-itoLUNGs/data/neo/sol_600_40x.jpg,1,sol,40x
val,13/845,/home/guido/Development/ML/progetto-itoLUNGs/data/nn/nn_581_20x.jpg,0,normal,20x
val,13/845,/home/guido/Development/ML/progetto-itoLUNGs/data/nn/nn_582_20x.jpg,0,normal,20x
val,13/845,/home/guido/Development/ML/progetto-itoLUNGs/data/nn/nn_583_20x.jpg,0,normal,20x
val,13/845,/home/guido/Development/ML/progetto-itoLUNGs/data/nn/nn_584_20x.jpg,0,normal,20x
val,13/845,/home/guido/Development/ML/progetto-itoLUNGs/data/nn/nn_585_20x.jpg,0,normal,20x
val,13/845,/home/guido/Development/ML/progetto-itoLUNGs/data/nn/nn_586_40x.jpg,0,normal,40x
val,13/845,/home/guido/Development/ML/progetto-itoLUNGs/data/nn/nn_587_40x.jpg,0,normal,40x
val,13/845,/home/guido/Development/ML/progetto-itoLUNGs/data/nn/nn_588_40x.jpg,0,normal,40x
val,13/845,/home/guido/Development/ML/progetto-itoLUNGs/data/nn/nn_589_40x.jpg,0,normal,40x
val,13/845,/home/guido/Development/ML/progetto-itoLUNGs/data/nn/nn_590_40x.jpg,0,normal,40x
val,15/1384,/home/guido/Development/ML/progetto-itoLUNGs/data/neo/acin_631_20x.jpg,1,acin,20x
val,15/1384,/home/guido/Development/ML/progetto-itoLUNGs/data/neo/acin_632_20x.jpg,1,acin,20x
val,15/1384,/home/guido/Development/ML/progetto-itoLUNGs/data/neo/acin_633_20x.jpg,1,acin,20x
val,15/1384,/home/guido/Development/ML/progetto-itoLUNGs/data/neo/acin_634_20x.jpg,1,acin,20x
val,15/1384,/home/guido/Development/ML/progetto-itoLUNGs/data/neo/acin_635_20x.jpg,1,acin,20x
val,15/1384,/home/guido/Development/ML/progetto-itoLUNGs/data/neo/acin_636_40x.jpg,1,acin,40x
val,15/1384,/home/guido/Development/ML/progetto-itoLUNGs/data/neo/acin_637_40x.jpg,1,acin,40x
val,15/1384,/home/guido/Development/ML/progetto-itoLUNGs/data/neo/acin_638_40x.jpg,1,acin,40x
val,15/1384,/home/guido/Development/ML/progetto-itoLUNGs/data/neo/acin_639_40x.jpg,1,acin,40x
val,15/1384,/home/guido/Development/ML/progetto-itoLUNGs/data/neo/acin_640_40x.jpg,1,acin,40x
val,15/1384,/home/guido/Development/ML/progetto-itoLUNGs/data/nn/nn_621_20x.jpg,0,normal,20x
val,15/1384,/home/guido/Development/ML/progetto-itoLUNGs/data/nn/nn_622_20x.jpg,0,normal,20x
val,15/1384,/home/guido/Development/ML/progetto-itoLUNGs/data/nn/nn_623_20x.jpg,0,normal,20x
val,15/1384,/home/guido/Development/ML/progetto-itoLUNGs/data/nn/nn_624_20x.jpg,0,normal,20x
val,15/1384,/home/guido/Development/ML/progetto-itoLUNGs/data/nn/nn_625_20x.jpg,0,normal,20x
val,15/1384,/home/guido/Development/ML/progetto-itoLUNGs/data/nn/nn_626_40x.jpg,0,normal,40x
val,15/1384,/home/guido/Development/ML/progetto-itoLUNGs/data/nn/nn_627_40x.jpg,0,normal,40x
val,15/1384,/home/guido/Development/ML/progetto-itoLUNGs/data/nn/nn_628_40x.jpg,0,normal,40x
val,15/1384,/home/guido/Development/ML/progetto-itoLUNGs/data/nn/nn_629_40x.jpg,0,normal,40x
val,15/1384,/home/guido/Development/ML/progetto-itoLUNGs/data/nn/nn_630_40x.jpg,0,normal,40x
val,153/22,/home/guido/Development/ML/progetto-itoLUNGs/data/neo/pap_171_20x.jpg,1,pap,20x
val,153/22,/home/guido/Development/ML/progetto-itoLUNGs/data/neo/pap_172_20x.jpg,1,pap,20x
val,153/22,/home/guido/Development/ML/progetto-itoLUNGs/data/neo/pap_173_20x.jpg,1,pap,20x
val,153/22,/home/guido/Development/ML/progetto-itoLUNGs/data/neo/pap_174_20x.jpg,1,pap,20x
val,153/22,/home/guido/Development/ML/progetto-itoLUNGs/data/neo/pap_175_20x.jpg,1,pap,20x
val,153/22,/home/guido/Development/ML/progetto-itoLUNGs/data/neo/pap_176_40x.jpg,1,pap,40x
val,153/22,/home/guido/Development/ML/progetto-itoLUNGs/data/neo/pap_177_40x.jpg,1,pap,40x
val,153/22,/home/guido/Development/ML/progetto-itoLUNGs/data/neo/pap_178_40x.jpg,1,pap,40x
val,153/22,/home/guido/Development/ML/progetto-itoLUNGs/data/neo/pap_179_40x.jpg,1,pap,40x
val,153/22,/home/guido/Development/ML/progetto-itoLUNGs/data/neo/pap_180_40x.jpg,1,pap,40x
val,153/22,/home/guido/Development/ML/progetto-itoLUNGs/data/nn/nn_161_20x.jpg,0,normal,20x
val,153/22,/home/guido/Development/ML/progetto-itoLUNGs/data/nn/nn_162_20x.jpg,0,normal,20x
val,153/22,/home/guido/Development/ML/progetto-itoLUNGs/data/nn/nn_163_20x.jpg,0,normal,20x
val,153/22,/home/guido/Development/ML/progetto-itoLUNGs/data/nn/nn_164_20x.jpg,0,normal,20x
val,153/22,/home/guido/Development/ML/progetto-itoLUNGs/data/nn/nn_165_20x.jpg,0,normal,20x
val,153/22,/home/guido/Development/ML/progetto-itoLUNGs/data/nn/nn_166_40x.jpg,0,normal,40x
val,153/22,/home/guido/Development/ML/progetto-itoLUNGs/data/nn/nn_167_40x.jpg,0,normal,40x
val,153/22,/home/guido/Development/ML/progetto-itoLUNGs/data/nn/nn_168_40x.jpg,0,normal,40x
val,153/22,/home/guido/Development/ML/progetto-itoLUNGs/data/nn/nn_169_40x.jpg,0,normal,40x
val,153/22,/home/guido/Development/ML/progetto-itoLUNGs/data/nn/nn_170_40x.jpg,0,normal,40x
val,19/285,/home/guido/Development/ML/progetto-itoLUNGs/data/neo/pap_531_20x.jpg,1,pap,20x
val,19/285,/home/guido/Development/ML/progetto-itoLUNGs/data/neo/pap_532_20x.jpg,1,pap,20x
val,19/285,/home/guido/Development/ML/progetto-itoLUNGs/data/neo/pap_533_20x.jpg,1,pap,20x
val,19/285,/home/guido/Development/ML/progetto-itoLUNGs/data/neo/pap_534_20x.jpg,1,pap,20x
val,19/285,/home/guido/Development/ML/progetto-itoLUNGs/data/neo/pap_535_20x.jpg,1,pap,20x
val,19/285,/home/guido/Development/ML/progetto-itoLUNGs/data/neo/pap_536_40x.jpg,1,pap,40x
val,19/285,/home/guido/Development/ML/progetto-itoLUNGs/data/neo/pap_537_40x.jpg,1,pap,40x
val,19/285,/home/guido/Development/ML/progetto-itoLUNGs/data/neo/pap_538_40x.jpg,1,pap,40x
val,19/285,/home/guido/Development/ML/progetto-itoLUNGs/data/neo/pap_539_40x.jpg,1,pap,40x
val,19/285,/home/guido/Development/ML/progetto-itoLUNGs/data/neo/pap_540_40x.jpg,1,pap,40x
val,19/285,/home/guido/Development/ML/progetto-itoLUNGs/data/nn/nn_521_20x.jpg,0,normal,20x
val,19/285,/home/guido/Development/ML/progetto-itoLUNGs/data/nn/nn_522_20x.jpg,0,normal,20x
val,19/285,/home/guido/Development/ML/progetto-itoLUNGs/data/nn/nn_523_20x.jpg,0,normal,20x
val,19/285,/home/guido/Development/ML/progetto-itoLUNGs/data/nn/nn_524_20x.jpg,0,normal,20x
val,19/285,/home/guido/Development/ML/progetto-itoLUNGs/data/nn/nn_525_20x.jpg,0,normal,20x
val,19/285,/home/guido/Development/ML/progetto-itoLUNGs/data/nn/nn_526_40x.jpg,0,normal,40x
val,19/285,/home/guido/Development/ML/progetto-itoLUNGs/data/nn/nn_527_40x.jpg,0,normal,40x
val,19/285,/home/guido/Development/ML/progetto-itoLUNGs/data/nn/nn_528_40x.jpg,0,normal,40x
val,19/285,/home/guido/Development/ML/progetto-itoLUNGs/data/nn/nn_529_40x.jpg,0,normal,40x
val,19/285,/home/guido/Development/ML/progetto-itoLUNGs/data/nn/nn_530_40x.jpg,0,normal,40x
val,277-23 sx,/home/guido/Development/ML/progetto-itoLUNGs/data/neo/pap_111_20x.jpg,1,pap,20x
val,277-23 sx,/home/guido/Development/ML/progetto-itoLUNGs/data/neo/pap_112_20x.jpg,1,pap,20x
val,277-23 sx,/home/guido/Development/ML/progetto-itoLUNGs/data/neo/pap_113_20x.jpg,1,pap,20x
val,277-23 sx,/home/guido/Development/ML/progetto-itoLUNGs/data/neo/pap_114_20x.jpg,1,pap,20x
val,277-23 sx,/home/guido/Development/ML/progetto-itoLUNGs/data/neo/pap_115_20x.jpg,1,pap,20x
val,277-23 sx,/home/guido/Development/ML/progetto-itoLUNGs/data/neo/pap_116_40x.jpg,1,pap,40x
val,277-23 sx,/home/guido/Development/ML/progetto-itoLUNGs/data/neo/pap_117_40x.jpg,1,pap,40x
val,277-23 sx,/home/guido/Development/ML/progetto-itoLUNGs/data/neo/pap_118_40x.jpg,1,pap,40x
val,277-23 sx,/home/guido/Development/ML/progetto-itoLUNGs/data/neo/pap_119_40x.jpg,1,pap,40x
val,277-23 sx,/home/guido/Development/ML/progetto-itoLUNGs/data/neo/pap_120_40x.jpg,1,pap,40x
val,277-23 sx,/home/guido/Development/ML/progetto-itoLUNGs/data/nn/nn_101_20x.jpg,0,normal,20x
val,277-23 sx,/home/guido/Development/ML/progetto-itoLUNGs/data/nn/nn_102_20x.jpg,0,normal,20x
val,277-23 sx,/home/guido/Development/ML/progetto-itoLUNGs/data/nn/nn_103_20x.jpg,0,normal,20x
val,277-23 sx,/home/guido/Development/ML/progetto-itoLUNGs/data/nn/nn_104_20x.jpg,0,normal,20x
val,277-23 sx,/home/guido/Development/ML/progetto-itoLUNGs/data/nn/nn_105_20x.jpg,0,normal,20x
val,277-23 sx,/home/guido/Development/ML/progetto-itoLUNGs/data/nn/nn_106_40x.jpg,0,normal,40x
val,277-23 sx,/home/guido/Development/ML/progetto-itoLUNGs/data/nn/nn_107_40x.jpg,0,normal,40x
val,277-23 sx,/home/guido/Development/ML/progetto-itoLUNGs/data/nn/nn_108_40x.jpg,0,normal,40x
val,277-23 sx,/home/guido/Development/ML/progetto-itoLUNGs/data/nn/nn_109_40x.jpg,0,normal,40x
val,277-23 sx,/home/guido/Development/ML/progetto-itoLUNGs/data/nn/nn_110_40x.jpg,0,normal,40x
val,429/18,/home/guido/Development/ML/progetto-itoLUNGs/data/neo/acin_351_20x.jpg,1,acin,20x
val,429/18,/home/guido/Development/ML/progetto-itoLUNGs/data/neo/acin_352_20x.jpg,1,acin,20x
val,429/18,/home/guido/Development/ML/progetto-itoLUNGs/data/neo/acin_353_20x.jpg,1,acin,20x
val,429/18,/home/guido/Development/ML/progetto-itoLUNGs/data/neo/acin_354_20x.jpg,1,acin,20x
val,429/18,/home/guido/Development/ML/progetto-itoLUNGs/data/neo/acin_355_20x.jpg,1,acin,20x
val,429/18,/home/guido/Development/ML/progetto-itoLUNGs/data/neo/acin_356_40x.jpg,1,acin,40x
val,429/18,/home/guido/Development/ML/progetto-itoLUNGs/data/neo/acin_357_40x.jpg,1,acin,40x
val,429/18,/home/guido/Development/ML/progetto-itoLUNGs/data/neo/acin_358_40x.jpg,1,acin,40x
val,429/18,/home/guido/Development/ML/progetto-itoLUNGs/data/neo/acin_359_40x.jpg,1,acin,40x
val,429/18,/home/guido/Development/ML/progetto-itoLUNGs/data/neo/acin_360_40x.jpg,1,acin,40x
val,429/18,/home/guido/Development/ML/progetto-itoLUNGs/data/nn/nn_341_20x.jpg,0,normal,20x
val,429/18,/home/guido/Development/ML/progetto-itoLUNGs/data/nn/nn_342_20x.jpg,0,normal,20x
val,429/18,/home/guido/Development/ML/progetto-itoLUNGs/data/nn/nn_343_20x.jpg,0,normal,20x
val,429/18,/home/guido/Development/ML/progetto-itoLUNGs/data/nn/nn_344_20x.jpg,0,normal,20x
val,429/18,/home/guido/Development/ML/progetto-itoLUNGs/data/nn/nn_345_20x.jpg,0,normal,20x
val,429/18,/home/guido/Development/ML/progetto-itoLUNGs/data/nn/nn_346_40x.jpg,0,normal,40x
val,429/18,/home/guido/Development/ML/progetto-itoLUNGs/data/nn/nn_347_40x.jpg,0,normal,40x
val,429/18,/home/guido/Development/ML/progetto-itoLUNGs/data/nn/nn_349_40x.jpg,0,normal,40x
val,429/18,/home/guido/Development/ML/progetto-itoLUNGs/data/nn/nn_350_40x.jpg,0,normal,40x
val,97/1559,/home/guido/Development/ML/progetto-itoLUNGs/data/neo/pap_411_20x.jpg,1,pap,20x
val,97/1559,/home/guido/Development/ML/progetto-itoLUNGs/data/neo/pap_412_20x.jpg,1,pap,20x
val,97/1559,/home/guido/Development/ML/progetto-itoLUNGs/data/neo/pap_413_20x.jpg,1,pap,20x
val,97/1559,/home/guido/Development/ML/progetto-itoLUNGs/data/neo/pap_414_20x.jpg,1,pap,20x
val,97/1559,/home/guido/Development/ML/progetto-itoLUNGs/data/neo/pap_415_20x.jpg,1,pap,20x
val,97/1559,/home/guido/Development/ML/progetto-itoLUNGs/data/neo/pap_416_40x.jpg,1,pap,40x
val,97/1559,/home/guido/Development/ML/progetto-itoLUNGs/data/neo/pap_417_40x.jpg,1,pap,40x
val,97/1559,/home/guido/Development/ML/progetto-itoLUNGs/data/neo/pap_418_40x.jpg,1,pap,40x
val,97/1559,/home/guido/Development/ML/progetto-itoLUNGs/data/neo/pap_419_40x.jpg,1,pap,40x
val,97/1559,/home/guido/Development/ML/progetto-itoLUNGs/data/neo/pap_420_40x.jpg,1,pap,40x
val,97/1559,/home/guido/Development/ML/progetto-itoLUNGs/data/nn/nn_401_20x.jpg,0,normal,20x
val,97/1559,/home/guido/Development/ML/progetto-itoLUNGs/data/nn/nn_402_20x.jpg,0,normal,20x
val,97/1559,/home/guido/Development/ML/progetto-itoLUNGs/data/nn/nn_403_20x.jpg,0,normal,20x
val,97/1559,/home/guido/Development/ML/progetto-itoLUNGs/data/nn/nn_404_20x.jpg,0,normal,20x
val,97/1559,/home/guido/Development/ML/progetto-itoLUNGs/data/nn/nn_405_20x.jpg,0,normal,20x
val,97/1559,/home/guido/Development/ML/progetto-itoLUNGs/data/nn/nn_406_40x.jpg,0,normal,40x
val,97/1559,/home/guido/Development/ML/progetto-itoLUNGs/data/nn/nn_407_40x.jpg,0,normal,40x
val,97/1559,/home/guido/Development/ML/progetto-itoLUNGs/data/nn/nn_408_40x.jpg,0,normal,40x
val,97/1559,/home/guido/Development/ML/progetto-itoLUNGs/data/nn/nn_409_40x.jpg,0,normal,40x
val,97/1559,/home/guido/Development/ML/progetto-itoLUNGs/data/nn/nn_410_40x.jpg,0,normal,40x
val,AP16955,/home/guido/Development/ML/progetto-itoLUNGs/data/neo/squam_331_20x.jpg,1,squam,20x
val,AP16955,/home/guido/Development/ML/progetto-itoLUNGs/data/neo/squam_332_20x.jpg,1,squam,20x
val,AP16955,/home/guido/Development/ML/progetto-itoLUNGs/data/neo/squam_333_20x.jpg,1,squam,20x
val,AP16955,/home/guido/Development/ML/progetto-itoLUNGs/data/neo/squam_334_20x.jpg,1,squam,20x
val,AP16955,/home/guido/Development/ML/progetto-itoLUNGs/data/neo/squam_335_20x.jpg,1,squam,20x
val,AP16955,/home/guido/Development/ML/progetto-itoLUNGs/data/neo/squam_336_40x.jpg,1,squam,40x
val,AP16955,/home/guido/Development/ML/progetto-itoLUNGs/data/neo/squam_337_40x.jpg,1,squam,40x
val,AP16955,/home/guido/Development/ML/progetto-itoLUNGs/data/neo/squam_338_40x.jpg,1,squam,40x
val,AP16955,/home/guido/Development/ML/progetto-itoLUNGs/data/neo/squam_339_40x.jpg,1,squam,40x
val,AP16955,/home/guido/Development/ML/progetto-itoLUNGs/data/neo/squam_340_40x.jpg,1,squam,40x
test,01/899,/home/guido/Development/ML/progetto-itoLUNGs/data/neo/sol_791_20x.jpg,1,sol,20x
test,01/899,/home/guido/Development/ML/progetto-itoLUNGs/data/neo/sol_792_20x.jpg,1,sol,20x
test,01/899,/home/guido/Development/ML/progetto-itoLUNGs/data/neo/sol_793_20x.jpg,1,sol,20x
test,01/899,/home/guido/Development/ML/progetto-itoLUNGs/data/neo/sol_794_20x.jpg,1,sol,20x
test,01/899,/home/guido/Development/ML/progetto-itoLUNGs/data/neo/sol_795_20x.jpg,1,sol,20x
test,01/899,/home/guido/Development/ML/progetto-itoLUNGs/data/neo/sol_796_40x.jpg,1,sol,40x
test,01/899,/home/guido/Development/ML/progetto-itoLUNGs/data/neo/sol_797_40x.jpg,1,sol,40x
test,01/899,/home/guido/Development/ML/progetto-itoLUNGs/data/neo/sol_798_40x.jpg,1,sol,40x
test,01/899,/home/guido/Development/ML/progetto-itoLUNGs/data/neo/sol_799_40x.jpg,1,sol,40x
test,01/899,/home/guido/Development/ML/progetto-itoLUNGs/data/neo/sol_800_40x.jpg,1,sol,40x
test,04/1501,/home/guido/Development/ML/progetto-itoLUNGs/data/neo/acin_951_20x.jpg,1,acin,20x
test,04/1501,/home/guido/Development/ML/progetto-itoLUNGs/data/neo/acin_952_20x.jpg,1,acin,20x
test,04/1501,/home/guido/Development/ML/progetto-itoLUNGs/data/neo/acin_953_20x.jpg,1,acin,20x
test,04/1501,/home/guido/Development/ML/progetto-itoLUNGs/data/neo/acin_954_20x.jpg,1,acin,20x
test,04/1501,/home/guido/Development/ML/progetto-itoLUNGs/data/neo/acin_955_20x.jpg,1,acin,20x
test,04/1501,/home/guido/Development/ML/progetto-itoLUNGs/data/neo/acin_956_40x.jpg,1,acin,40x
test,04/1501,/home/guido/Development/ML/progetto-itoLUNGs/data/neo/acin_957_40x.jpg,1,acin,40x
test,04/1501,/home/guido/Development/ML/progetto-itoLUNGs/data/neo/acin_958_40x.jpg,1,acin,40x
test,04/1501,/home/guido/Development/ML/progetto-itoLUNGs/data/neo/acin_959_40x.jpg,1,acin,40x
test,04/1501,/home/guido/Development/ML/progetto-itoLUNGs/data/neo/acin_960_40x.jpg,1,acin,40x
test,04/1501,/home/guido/Development/ML/progetto-itoLUNGs/data/nn/nn_941_20x.jpg,0,normal,20x
test,04/1501,/home/guido/Development/ML/progetto-itoLUNGs/data/nn/nn_942_20x.jpg,0,normal,20x
test,04/1501,/home/guido/Development/ML/progetto-itoLUNGs/data/nn/nn_943_20x.jpg,0,normal,20x
test,04/1501,/home/guido/Development/ML/progetto-itoLUNGs/data/nn/nn_944_20x.jpg,0,normal,20x
test,04/1501,/home/guido/Development/ML/progetto-itoLUNGs/data/nn/nn_945_20x.jpg,0,normal,20x
test,04/1501,/home/guido/Development/ML/progetto-itoLUNGs/data/nn/nn_946_40x.jpg,0,normal,40x
test,04/1501,/home/guido/Development/ML/progetto-itoLUNGs/data/nn/nn_947_40x.jpg,0,normal,40x
test,04/1501,/home/guido/Development/ML/progetto-itoLUNGs/data/nn/nn_948_40x.jpg,0,normal,40x
test,04/1501,/home/guido/Development/ML/progetto-itoLUNGs/data/nn/nn_949_40x.jpg,0,normal,40x
test,04/1501,/home/guido/Development/ML/progetto-itoLUNGs/data/nn/nn_950_40x.jpg,0,normal,40x
test,09/1362,/home/guido/Development/ML/progetto-itoLUNGs/data/neo/pap_471_20x.jpg,1,pap,20x
test,09/1362,/home/guido/Development/ML/progetto-itoLUNGs/data/neo/pap_472_20x.jpg,1,pap,20x
test,09/1362,/home/guido/Development/ML/progetto-itoLUNGs/data/neo/pap_473_20x.jpg,1,pap,20x
test,09/1362,/home/guido/Development/ML/progetto-itoLUNGs/data/neo/pap_474_20x.jpg,1,pap,20x
test,09/1362,/home/guido/Development/ML/progetto-itoLUNGs/data/neo/pap_475_20x.jpg,1,pap,20x
test,09/1362,/home/guido/Development/ML/progetto-itoLUNGs/data/neo/pap_476_40x.jpg,1,pap,40x
test,09/1362,/home/guido/Development/ML/progetto-itoLUNGs/data/neo/pap_477_40x.jpg,1,pap,40x
test,09/1362,/home/guido/Development/ML/progetto-itoLUNGs/data/neo/pap_478_40x.jpg,1,pap,40x
test,09/1362,/home/guido/Development/ML/progetto-itoLUNGs/data/neo/pap_479_40x.jpg,1,pap,40x
test,09/1362,/home/guido/Development/ML/progetto-itoLUNGs/data/neo/pap_480_40x.jpg,1,pap,40x
test,09/1362,/home/guido/Development/ML/progetto-itoLUNGs/data/nn/nn_461_20x.jpg,0,normal,20x
test,09/1362,/home/guido/Development/ML/progetto-itoLUNGs/data/nn/nn_462_20x.jpg,0,normal,20x
test,09/1362,/home/guido/Development/ML/progetto-itoLUNGs/data/nn/nn_463_20x.jpg,0,normal,20x
test,09/1362,/home/guido/Development/ML/progetto-itoLUNGs/data/nn/nn_464_20x.jpg,0,normal,20x
test,09/1362,/home/guido/Development/ML/progetto-itoLUNGs/data/nn/nn_465_20x.jpg,0,normal,20x
test,09/1362,/home/guido/Development/ML/progetto-itoLUNGs/data/nn/nn_466_40x.jpg,0,normal,40x
test,09/1362,/home/guido/Development/ML/progetto-itoLUNGs/data/nn/nn_467_40x.jpg,0,normal,40x
test,09/1362,/home/guido/Development/ML/progetto-itoLUNGs/data/nn/nn_468_40x.jpg,0,normal,40x
test,09/1362,/home/guido/Development/ML/progetto-itoLUNGs/data/nn/nn_469_40x.jpg,0,normal,40x
test,09/1362,/home/guido/Development/ML/progetto-itoLUNGs/data/nn/nn_470_40x.jpg,0,normal,40x
test,170/20,/home/guido/Development/ML/progetto-itoLUNGs/data/neo/squam_291_20x.jpg,1,squam,20x
test,170/20,/home/guido/Development/ML/progetto-itoLUNGs/data/neo/squam_292_20x.jpg,1,squam,20x
test,170/20,/home/guido/Development/ML/progetto-itoLUNGs/data/neo/squam_293_20x.jpg,1,squam,20x
test,170/20,/home/guido/Development/ML/progetto-itoLUNGs/data/neo/squam_294_20x.jpg,1,squam,20x
test,170/20,/home/guido/Development/ML/progetto-itoLUNGs/data/neo/squam_295_20x.jpg,1,squam,20x
test,170/20,/home/guido/Development/ML/progetto-itoLUNGs/data/neo/squam_296_40x.jpg,1,squam,40x
test,170/20,/home/guido/Development/ML/progetto-itoLUNGs/data/neo/squam_297_40x.jpg,1,squam,40x
test,170/20,/home/guido/Development/ML/progetto-itoLUNGs/data/neo/squam_298_40x.jpg,1,squam,40x
test,170/20,/home/guido/Development/ML/progetto-itoLUNGs/data/neo/squam_299_40x.jpg,1,squam,40x
test,170/20,/home/guido/Development/ML/progetto-itoLUNGs/data/neo/squam_300_40x.jpg,1,squam,40x
test,170/20,/home/guido/Development/ML/progetto-itoLUNGs/data/nn/nn_281_20x.jpg,0,normal,20x
test,170/20,/home/guido/Development/ML/progetto-itoLUNGs/data/nn/nn_282_20x.jpg,0,normal,20x
test,170/20,/home/guido/Development/ML/progetto-itoLUNGs/data/nn/nn_283_20x.jpg,0,normal,20x
test,170/20,/home/guido/Development/ML/progetto-itoLUNGs/data/nn/nn_284_20x.jpg,0,normal,20x
test,170/20,/home/guido/Development/ML/progetto-itoLUNGs/data/nn/nn_285_20x.jpg,0,normal,20x
test,170/20,/home/guido/Development/ML/progetto-itoLUNGs/data/nn/nn_286_40x.jpg,0,normal,40x
test,170/20,/home/guido/Development/ML/progetto-itoLUNGs/data/nn/nn_287_40x.jpg,0,normal,40x
test,170/20,/home/guido/Development/ML/progetto-itoLUNGs/data/nn/nn_288_40x.jpg,0,normal,40x
test,170/20,/home/guido/Development/ML/progetto-itoLUNGs/data/nn/nn_289_40x.jpg,0,normal,40x
test,170/20,/home/guido/Development/ML/progetto-itoLUNGs/data/nn/nn_290_40x.jpg,0,normal,40x
test,21/24,/home/guido/Development/ML/progetto-itoLUNGs/data/neo/squam_711_20x.jpg,1,squam,20x
test,21/24,/home/guido/Development/ML/progetto-itoLUNGs/data/neo/squam_712_20x.jpg,1,squam,20x
test,21/24,/home/guido/Development/ML/progetto-itoLUNGs/data/neo/squam_713_20x.jpg,1,squam,20x
test,21/24,/home/guido/Development/ML/progetto-itoLUNGs/data/neo/squam_714_20x.jpg,1,squam,20x
test,21/24,/home/guido/Development/ML/progetto-itoLUNGs/data/neo/squam_715_20x.jpg,1,squam,20x
test,21/24,/home/guido/Development/ML/progetto-itoLUNGs/data/neo/squam_716_40x.jpg,1,squam,40x
test,21/24,/home/guido/Development/ML/progetto-itoLUNGs/data/neo/squam_717_40x.jpg,1,squam,40x
test,21/24,/home/guido/Development/ML/progetto-itoLUNGs/data/neo/squam_718_40x.jpg,1,squam,40x
test,21/24,/home/guido/Development/ML/progetto-itoLUNGs/data/neo/squam_719_40x.jpg,1,squam,40x
test,21/24,/home/guido/Development/ML/progetto-itoLUNGs/data/neo/squam_720_40x.jpg,1,squam,40x
test,21/24,/home/guido/Development/ML/progetto-itoLUNGs/data/nn/nn_701_20x.jpg,0,normal,20x
test,21/24,/home/guido/Development/ML/progetto-itoLUNGs/data/nn/nn_702_20x.jpg,0,normal,20x
test,21/24,/home/guido/Development/ML/progetto-itoLUNGs/data/nn/nn_703_20x.jpg,0,normal,20x
test,21/24,/home/guido/Development/ML/progetto-itoLUNGs/data/nn/nn_704_20x.jpg,0,normal,20x
test,21/24,/home/guido/Development/ML/progetto-itoLUNGs/data/nn/nn_705_20x.jpg,0,normal,20x
test,21/24,/home/guido/Development/ML/progetto-itoLUNGs/data/nn/nn_706_40x.jpg,0,normal,40x
test,21/24,/home/guido/Development/ML/progetto-itoLUNGs/data/nn/nn_707_40x.jpg,0,normal,40x
test,21/24,/home/guido/Development/ML/progetto-itoLUNGs/data/nn/nn_708_40x.jpg,0,normal,40x
test,21/24,/home/guido/Development/ML/progetto-itoLUNGs/data/nn/nn_709_40x.jpg,0,normal,40x
test,21/24,/home/guido/Development/ML/progetto-itoLUNGs/data/nn/nn_710_40x.jpg,0,normal,40x
test,21/459,/home/guido/Development/ML/progetto-itoLUNGs/data/neo/micropap_891_20x.jpg,1,micropap,20x
test,21/459,/home/guido/Development/ML/progetto-itoLUNGs/data/neo/micropap_892_20x.jpg,1,micropap,20x
test,21/459,/home/guido/Development/ML/progetto-itoLUNGs/data/neo/micropap_893_20x.jpg,1,micropap,20x
test,21/459,/home/guido/Development/ML/progetto-itoLUNGs/data/neo/micropap_894_20x.jpg,1,micropap,20x
test,21/459,/home/guido/Development/ML/progetto-itoLUNGs/data/neo/micropap_895_20x.jpg,1,micropap,20x
test,21/459,/home/guido/Development/ML/progetto-itoLUNGs/data/neo/micropap_896_40x.jpg,1,micropap,40x
test,21/459,/home/guido/Development/ML/progetto-itoLUNGs/data/neo/micropap_897_40x.jpg,1,micropap,40x
test,21/459,/home/guido/Development/ML/progetto-itoLUNGs/data/neo/micropap_898_40x.jpg,1,micropap,40x
test,21/459,/home/guido/Development/ML/progetto-itoLUNGs/data/neo/micropap_899_40x.jpg,1,micropap,40x
test,21/459,/home/guido/Development/ML/progetto-itoLUNGs/data/neo/micropap_900_40x.jpg,1,micropap,40x
test,21/459,/home/guido/Development/ML/progetto-itoLUNGs/data/nn/nn_881_20x.jpg,0,normal,20x
test,21/459,/home/guido/Development/ML/progetto-itoLUNGs/data/nn/nn_883_20x.jpg,0,normal,20x
test,21/459,/home/guido/Development/ML/progetto-itoLUNGs/data/nn/nn_884_20x.jpg,0,normal,20x
test,21/459,/home/guido/Development/ML/progetto-itoLUNGs/data/nn/nn_885_20x.jpg,0,normal,20x
test,21/459,/home/guido/Development/ML/progetto-itoLUNGs/data/nn/nn_886_40x.jpg,0,normal,40x
test,21/459,/home/guido/Development/ML/progetto-itoLUNGs/data/nn/nn_887_40x.jpg,0,normal,40x
test,21/459,/home/guido/Development/ML/progetto-itoLUNGs/data/nn/nn_888_40x.jpg,0,normal,40x
test,21/459,/home/guido/Development/ML/progetto-itoLUNGs/data/nn/nn_889_40x.jpg,0,normal,40x
test,21/459,/home/guido/Development/ML/progetto-itoLUNGs/data/nn/nn_890_40x.jpg,0,normal,40x
test,220/22,/home/guido/Development/ML/progetto-itoLUNGs/data/neo/squam_311_20x.jpg,1,squam,20x
test,220/22,/home/guido/Development/ML/progetto-itoLUNGs/data/neo/squam_312_20x.jpg,1,squam,20x
test,220/22,/home/guido/Development/ML/progetto-itoLUNGs/data/neo/squam_313_20x.jpg,1,squam,20x
test,220/22,/home/guido/Development/ML/progetto-itoLUNGs/data/neo/squam_314_20x.jpg,1,squam,20x
test,220/22,/home/guido/Development/ML/progetto-itoLUNGs/data/neo/squam_315_20x.jpg,1,squam,20x
test,220/22,/home/guido/Development/ML/progetto-itoLUNGs/data/neo/squam_316_40x.jpg,1,squam,40x
test,220/22,/home/guido/Development/ML/progetto-itoLUNGs/data/neo/squam_317_40x.jpg,1,squam,40x
test,220/22,/home/guido/Development/ML/progetto-itoLUNGs/data/neo/squam_318_40x.jpg,1,squam,40x
test,220/22,/home/guido/Development/ML/progetto-itoLUNGs/data/neo/squam_319_40x.jpg,1,squam,40x
test,220/22,/home/guido/Development/ML/progetto-itoLUNGs/data/neo/squam_320_40x.jpg,1,squam,40x
test,220/22,/home/guido/Development/ML/progetto-itoLUNGs/data/nn/nn_301_20x.jpg,0,normal,20x
test,220/22,/home/guido/Development/ML/progetto-itoLUNGs/data/nn/nn_302_20x.jpg,0,normal,20x
test,220/22,/home/guido/Development/ML/progetto-itoLUNGs/data/nn/nn_303_20x.jpg,0,normal,20x
test,220/22,/home/guido/Development/ML/progetto-itoLUNGs/data/nn/nn_304_20x.jpg,0,normal,20x
test,220/22,/home/guido/Development/ML/progetto-itoLUNGs/data/nn/nn_305_20x.jpg,0,normal,20x
test,220/22,/home/guido/Development/ML/progetto-itoLUNGs/data/nn/nn_306_40x.jpg,0,normal,40x
test,220/22,/home/guido/Development/ML/progetto-itoLUNGs/data/nn/nn_307_40x.jpg,0,normal,40x
test,220/22,/home/guido/Development/ML/progetto-itoLUNGs/data/nn/nn_308_40x.jpg,0,normal,40x
test,220/22,/home/guido/Development/ML/progetto-itoLUNGs/data/nn/nn_309_40x.jpg,0,normal,40x
test,220/22,/home/guido/Development/ML/progetto-itoLUNGs/data/nn/nn_310_40x.jpg,0,normal,40x
test,224/20,/home/guido/Development/ML/progetto-itoLUNGs/data/neo/pap_100_40x.jpg,1,pap,40x
test,224/20,/home/guido/Development/ML/progetto-itoLUNGs/data/neo/pap_91_20x.jpg,1,pap,20x
test,224/20,/home/guido/Development/ML/progetto-itoLUNGs/data/neo/pap_92_20x.jpg,1,pap,20x
test,224/20,/home/guido/Development/ML/progetto-itoLUNGs/data/neo/pap_93_20x.jpg,1,pap,20x
test,224/20,/home/guido/Development/ML/progetto-itoLUNGs/data/neo/pap_94_20x.jpg,1,pap,20x
test,224/20,/home/guido/Development/ML/progetto-itoLUNGs/data/neo/pap_95_20x.jpg,1,pap,20x
test,224/20,/home/guido/Development/ML/progetto-itoLUNGs/data/neo/pap_96_40x.jpg,1,pap,40x
test,224/20,/home/guido/Development/ML/progetto-itoLUNGs/data/neo/pap_97_40x.jpg,1,pap,40x
test,224/20,/home/guido/Development/ML/progetto-itoLUNGs/data/neo/pap_98_40x.jpg,1,pap,40x
test,224/20,/home/guido/Development/ML/progetto-itoLUNGs/data/neo/pap_99_40x.jpg,1,pap,40x
test,224/20,/home/guido/Development/ML/progetto-itoLUNGs/data/nn/nn_81_20x.jpg,0,normal,20x
test,224/20,/home/guido/Development/ML/progetto-itoLUNGs/data/nn/nn_82_20x.jpg,0,normal,20x
test,224/20,/home/guido/Development/ML/progetto-itoLUNGs/data/nn/nn_83_20x.jpg,0,normal,20x
test,224/20,/home/guido/Development/ML/progetto-itoLUNGs/data/nn/nn_84_20x.jpg,0,normal,20x
test,224/20,/home/guido/Development/ML/progetto-itoLUNGs/data/nn/nn_85_20x.jpg,0,normal,20x
test,224/20,/home/guido/Development/ML/progetto-itoLUNGs/data/nn/nn_86_40x.jpg,0,normal,40x
test,224/20,/home/guido/Development/ML/progetto-itoLUNGs/data/nn/nn_87_40x.jpg,0,normal,40x
test,224/20,/home/guido/Development/ML/progetto-itoLUNGs/data/nn/nn_88_40x.jpg,0,normal,40x
test,224/20,/home/guido/Development/ML/progetto-itoLUNGs/data/nn/nn_89_40x.jpg,0,normal,40x
test,224/20,/home/guido/Development/ML/progetto-itoLUNGs/data/nn/nn_90_40x.jpg,0,normal,40x
test,25655-1,/home/guido/Development/ML/progetto-itoLUNGs/data/neo/lep_271_20x.jpg,1,lep,20x
test,25655-1,/home/guido/Development/ML/progetto-itoLUNGs/data/neo/lep_272_20x.jpg,1,lep,20x
test,25655-1,/home/guido/Development/ML/progetto-itoLUNGs/data/neo/lep_273_20x.jpg,1,lep,20x
test,25655-1,/home/guido/Development/ML/progetto-itoLUNGs/data/neo/lep_274_20x.jpg,1,lep,20x
test,25655-1,/home/guido/Development/ML/progetto-itoLUNGs/data/neo/lep_275_20x.jpg,1,lep,20x
test,25655-1,/home/guido/Development/ML/progetto-itoLUNGs/data/neo/lep_276_40x.jpg,1,lep,40x
test,25655-1,/home/guido/Development/ML/progetto-itoLUNGs/data/neo/lep_277_40x.jpg,1,lep,40x
test,25655-1,/home/guido/Development/ML/progetto-itoLUNGs/data/neo/lep_278_40x.jpg,1,lep,40x
test,25655-1,/home/guido/Development/ML/progetto-itoLUNGs/data/neo/lep_279_40x.jpg,1,lep,40x
test,25655-1,/home/guido/Development/ML/progetto-itoLUNGs/data/neo/lep_280_40x.jpg,1,lep,40x
test,25655-1,/home/guido/Development/ML/progetto-itoLUNGs/data/nn/nn_261_20x.jpg,0,normal,20x
test,25655-1,/home/guido/Development/ML/progetto-itoLUNGs/data/nn/nn_262_20x.jpg,0,normal,20x
test,25655-1,/home/guido/Development/ML/progetto-itoLUNGs/data/nn/nn_263_20x.jpg,0,normal,20x
test,25655-1,/home/guido/Development/ML/progetto-itoLUNGs/data/nn/nn_264_20x.jpg,0,normal,20x
test,25655-1,/home/guido/Development/ML/progetto-itoLUNGs/data/nn/nn_265_20x.jpg,0,normal,20x
test,25655-1,/home/guido/Development/ML/progetto-itoLUNGs/data/nn/nn_266_40x.jpg,0,normal,40x
test,25655-1,/home/guido/Development/ML/progetto-itoLUNGs/data/nn/nn_267_40x.jpg,0,normal,40x
test,25655-1,/home/guido/Development/ML/progetto-itoLUNGs/data/nn/nn_268_40x.jpg,0,normal,40x
test,25655-1,/home/guido/Development/ML/progetto-itoLUNGs/data/nn/nn_269_40x.jpg,0,normal,40x
test,25655-1,/home/guido/Development/ML/progetto-itoLUNGs/data/nn/nn_270_40x.jpg,0,normal,40x
test,99/16,/home/guido/Development/ML/progetto-itoLUNGs/data/neo/pap_51_20x.jpg,1,pap,20x
test,99/16,/home/guido/Development/ML/progetto-itoLUNGs/data/neo/pap_52_20x.jpg,1,pap,20x
test,99/16,/home/guido/Development/ML/progetto-itoLUNGs/data/neo/pap_53_20x.jpg,1,pap,20x
test,99/16,/home/guido/Development/ML/progetto-itoLUNGs/data/neo/pap_54_20x.jpg,1,pap,20x
test,99/16,/home/guido/Development/ML/progetto-itoLUNGs/data/neo/pap_55_20x.jpg,1,pap,20x
test,99/16,/home/guido/Development/ML/progetto-itoLUNGs/data/neo/pap_56_40x.jpg,1,pap,40x
test,99/16,/home/guido/Development/ML/progetto-itoLUNGs/data/neo/pap_57_40x.jpg,1,pap,40x
test,99/16,/home/guido/Development/ML/progetto-itoLUNGs/data/neo/pap_58_40x.jpg,1,pap,40x
test,99/16,/home/guido/Development/ML/progetto-itoLUNGs/data/neo/pap_59_40x.jpg,1,pap,40x
test,99/16,/home/guido/Development/ML/progetto-itoLUNGs/data/neo/pap_60_40x.jpg,1,pap,40x
test,99/16,/home/guido/Development/ML/progetto-itoLUNGs/data/nn/nn_41_20x.jpg,0,normal,20x
test,99/16,/home/guido/Development/ML/progetto-itoLUNGs/data/nn/nn_42_20x.jpg,0,normal,20x
test,99/16,/home/guido/Development/ML/progetto-itoLUNGs/data/nn/nn_43_20x.jpg,0,normal,20x
test,99/16,/home/guido/Development/ML/progetto-itoLUNGs/data/nn/nn_44_20x.jpg,0,normal,20x
test,99/16,/home/guido/Development/ML/progetto-itoLUNGs/data/nn/nn_45_20x.jpg,0,normal,20x
test,99/16,/home/guido/Development/ML/progetto-itoLUNGs/data/nn/nn_46_40x.jpg,0,normal,40x
test,99/16,/home/guido/Development/ML/progetto-itoLUNGs/data/nn/nn_47_40x.jpg,0,normal,40x
test,99/16,/home/guido/Development/ML/progetto-itoLUNGs/data/nn/nn_48_40x.jpg,0,normal,40x
test,99/16,/home/guido/Development/ML/progetto-itoLUNGs/data/nn/nn_49_40x.jpg,0,normal,40x
test,99/16,/home/guido/Development/ML/progetto-itoLUNGs/data/nn/nn_50_40x.jpg,0,normal,40x
test,AP4760,/home/guido/Development/ML/progetto-itoLUNGs/data/neo/pap_231_20x.jpg,1,pap,20x
test,AP4760,/home/guido/Development/ML/progetto-itoLUNGs/data/neo/pap_232_20x.jpg,1,pap,20x
test,AP4760,/home/guido/Development/ML/progetto-itoLUNGs/data/neo/pap_233_20x.jpg,1,pap,20x
test,AP4760,/home/guido/Development/ML/progetto-itoLUNGs/data/neo/pap_234_20x.jpg,1,pap,20x
test,AP4760,/home/guido/Development/ML/progetto-itoLUNGs/data/neo/pap_235_20x.jpg,1,pap,20x
test,AP4760,/home/guido/Development/ML/progetto-itoLUNGs/data/neo/pap_236_40x.jpg,1,pap,40x
test,AP4760,/home/guido/Development/ML/progetto-itoLUNGs/data/neo/pap_237_40x.jpg,1,pap,40x
test,AP4760,/home/guido/Development/ML/progetto-itoLUNGs/data/neo/pap_238_40x.jpg,1,pap,40x
test,AP4760,/home/guido/Development/ML/progetto-itoLUNGs/data/neo/pap_239_40x.jpg,1,pap,40x
test,AP4760,/home/guido/Development/ML/progetto-itoLUNGs/data/neo/pap_240_40x.jpg,1,pap,40x
test,AP4760,/home/guido/Development/ML/progetto-itoLUNGs/data/nn/nn_221_20x.jpg,0,normal,20x
test,AP4760,/home/guido/Development/ML/progetto-itoLUNGs/data/nn/nn_222_20x.jpg,0,normal,20x
test,AP4760,/home/guido/Development/ML/progetto-itoLUNGs/data/nn/nn_223_20x.jpg,0,normal,20x
test,AP4760,/home/guido/Development/ML/progetto-itoLUNGs/data/nn/nn_224_20x.jpg,0,normal,20x
test,AP4760,/home/guido/Development/ML/progetto-itoLUNGs/data/nn/nn_225_20x.jpg,0,normal,20x
test,AP4760,/home/guido/Development/ML/progetto-itoLUNGs/data/nn/nn_226_40x.jpg,0,normal,40x
test,AP4760,/home/guido/Development/ML/progetto-itoLUNGs/data/nn/nn_227_40x.jpg,0,normal,40x
test,AP4760,/home/guido/Development/ML/progetto-itoLUNGs/data/nn/nn_228_40x.jpg,0,normal,40x
test,AP4760,/home/guido/Development/ML/progetto-itoLUNGs/data/nn/nn_229_40x.jpg,0,normal,40x
test,AP4760,/home/guido/Development/ML/progetto-itoLUNGs/data/nn/nn_230_40x.jpg,0,normal,40x
