epoch,lr,train_loss,train_balanced_accuracy,val_loss,val_balanced_accuracy,val_auc,is_best,seconds
1,0.0001,0.33619493042218956,0.9068577494692145,0.27850805399333234,0.9516877637130802,0.990998593530239,True,14.370144537999295
2,9.972883382072954e-05,0.2312020536160236,0.98052016985138,0.2723055037521046,0.9620253164556962,0.9675808720112518,True,14.097058538987767
3,9.891830623632339e-05,0.23035852965392198,0.9788535031847134,0.24961512452046547,0.9722222222222222,0.9987341772151899,True,14.208948530023918
4,9.757729755661011e-05,0.2249946387466468,0.9822611464968153,0.6268807471503873,0.7944444444444445,0.8734880450070324,False,14.411209998012055
5,9.572050015330873e-05,0.24483210979338965,0.9724097664543525,0.34273872246756354,0.9381153305203938,0.9952180028129395,False,13.920327536005061
6,9.336825748732972e-05,0.20924493374381858,0.9934819532908705,0.30376882762951257,0.9421237693389592,0.9737693389592124,False,14.14349717501318
7,9.05463412215599e-05,0.20294356918878587,0.9984076433121019,0.3597838651146409,0.9444444444444444,0.9108298171589311,False,14.12424016802106
8,8.728566886113101e-05,0.20980659360217738,0.9935562632696391,0.3678134767966863,0.9277777777777778,0.9983122362869199,False,14.126452079974115
9,8.362196501476347e-05,0.20808431690601262,0.9951486199575372,0.28151421786765374,0.9436708860759494,0.9985935302390998,False,14.145167709037196
10,7.959536998847741e-05,0.20147009606470115,0.9983333333333333,0.3216520633394196,0.9222222222222223,0.9990154711673699,False,14.337829537980724
11,7.524999999999999e-05,0.19937443296373472,1.0,0.28087438792872005,0.9611111111111111,0.9992967651195498,False,14.11762486497173
12,7.06334638322521e-05,0.20283610410138916,0.9984076433121019,0.23749013315643785,0.9817862165963431,0.9939521800281294,True,14.126233936985955
13,6.579634122155988e-05,0.20184082433532816,0.9984076433121019,0.2678432579223926,0.959563994374121,0.9976090014064698,False,14.091648250992876
14,6.079162869547907e-05,0.20034821748927673,0.9983333333333333,0.34763371062701975,0.9333333333333333,0.9964135021097046,False,14.110604143003002
15,5.567415893174884e-05,0.20737146297378725,0.9951486199575372,0.2581469705824316,0.9620253164556962,0.9765822784810126,False,14.447914999036584
16,5.05e-05,0.19960752503297227,1.0,0.31845245752814255,0.9444444444444444,0.9977496483825599,False,14.257330112042837
17,4.532584106825115e-05,0.20334559727569357,0.9983333333333333,0.24940572335169867,0.9658931082981717,0.9992967651195499,False,14.536582631000783
18,4.0208371304520894e-05,0.2022509723416369,0.9967409766454353,0.2952138912924648,0.9436708860759494,0.9987341772151899,False,14.502714125963394
19,3.520365877844009e-05,0.19872661745509418,1.0,0.2967800268760094,0.9436708860759494,0.9987341772151899,False,14.806323724042159
20,3.036653616774789e-05,0.19877001774233405,1.0,0.28908544902265426,0.9547819971870606,0.99845288326301,False,15.6656635759864
21,2.5750000000000002e-05,0.19873349926759054,1.0,0.3130557545014387,0.9436708860759494,0.9978902953586497,False,15.752495926979464
22,2.140463001152258e-05,0.201570166098955,0.9968152866242038,0.3091022984163296,0.9436708860759494,0.9987341772151899,False,15.029235096997581
23,1.737803498523653e-05,0.19877639121652038,1.0,0.27716347830888083,0.9547819971870606,0.9987341772151899,False,15.266846996964887
24,1.3714331138868993e-05,0.1987120289270575,1.0,0.2811446996659217,0.9547819971870606,0.9987341772151899,False,15.465608992031775
25,1.0453658778440105e-05,0.19870596861994616,1.0,0.292315455318908,0.9492264416315049,0.9987341772151899,False,15.73749885201687
26,7.631742512670283e-06,0.19868728761175944,1.0,0.29053536374893413,0.9492264416315049,0.9987341772151899,False,14.256250542006455
27,5.2794998466912506e-06,0.19891565640120243,1.0,0.29765779123856473,0.9436708860759494,0.9987341772151899,False,14.563686156005133
28,3.4227024433898994e-06,0.19868174321488372,1.0,0.2992523443945766,0.9436708860759494,0.9987341772151899,False,14.322607583017088
29,2.0816937636766182e-06,0.19868573279450694,1.0,0.29795687491371786,0.9436708860759494,0.9987341772151899,False,15.086978166014887
30,1.2711661792704665e-06,0.19868081914873775,1.0,0.2974600832490526,0.9436708860759494,0.9987341772151899,False,14.963472358009312
